"Date","Price","Open","High","Low","Change %"
"Jan 01, 2010","137.805","137.310","137.835","137.250","0.07"
"Jan 04, 2010","137.875","137.290","138.035","136.630","0.05"
"Jan 05, 2010","137.800","137.360","138.610","136.840","-0.05"
"Jan 06, 2010","138.000","137.250","138.470","136.830","0.15"
"Jan 07, 2010","138.265","137.490","138.615","136.870","0.19"
"Jan 08, 2010","138.065","137.680","138.365","136.860","-0.14"
"Jan 11, 2010","138.640","137.530","138.690","137.380","0.42"
"Jan 12, 2010","138.245","137.800","138.815","137.470","-0.28"
"Jan 13, 2010","138.880","138.010","139.320","137.680","0.46"
"Jan 14, 2010","139.040","138.270","139.380","137.980","0.12"
"Jan 15, 2010","138.420","138.380","139.230","137.050","-0.45"
"Jan 18, 2010","138.020","137.300","138.650","137.160","-0.29"
"Jan 19, 2010","137.785","137.230","138.625","136.380","-0.17"
"Jan 20, 2010","137.865","136.840","138.025","135.630","0.06"
"Jan 21, 2010","137.945","137.420","138.585","136.430","0.06"
"Jan 22, 2010","138.295","137.340","138.715","137.230","0.25"
"Jan 25, 2010","138.815","137.290","139.385","137.140","0.38"
"Jan 26, 2010","138.515","137.950","138.815","137.590","-0.22"
"Jan 27, 2010","138.405","138.120","138.795","137.770","-0.08"
"Jan 28, 2010","139.060","138.170","139.330","137.330","0.47"
"Jan 29, 2010","138.995","138.690","139.285","138.100","-0.05"
"Feb 01, 2010","138.895","138.650","139.485","138.270","-0.07"
"Feb 02, 2010","139.475","138.440","139.595","138.230","0.42"
"Feb 03, 2010","138.965","139.040","139.825","138.450","-0.37"
"Feb 04, 2010","138.670","138.600","139.240","137.690","-0.21"
"Feb 05, 2010","138.515","138.130","139.115","137.310","-0.11"
"Feb 08, 2010","138.535","137.900","139.095","137.600","0.01"
"Feb 09, 2010","138.600","137.970","139.310","137.680","0.05"
"Feb 10, 2010","139.090","137.980","139.530","137.870","0.35"
"Feb 11, 2010","138.855","138.300","139.645","137.590","-0.17"
"Feb 12, 2010","138.290","138.300","139.040","137.320","-0.41"
"Feb 15, 2010","138.855","137.690","139.195","137.330","0.41"
"Feb 16, 2010","138.855","138.320","139.375","138.030","0.00"
"Feb 17, 2010","138.175","138.310","139.295","137.470","-0.49"
"Feb 18, 2010","139.120","137.660","139.210","137.170","0.68"
"Feb 19, 2010","138.705","137.550","138.955","136.660","-0.30"
"Feb 22, 2010","138.705","138.390","139.055","137.720","0.00"
"Feb 23, 2010","138.355","138.210","139.015","137.510","-0.25"
"Feb 24, 2010","138.630","138.030","139.200","137.620","0.20"
"Feb 25, 2010","139.145","138.110","139.285","137.490","0.37"
"Feb 26, 2010","139.280","138.610","139.810","137.950","0.10"
"Mar 01, 2010","139.295","138.770","139.545","138.090","0.01"
"Mar 02, 2010","138.990","138.430","139.440","138.190","-0.22"
"Mar 03, 2010","139.470","138.580","139.980","138.550","0.35"
"Mar 04, 2010","139.745","138.920","139.845","138.360","0.20"
"Mar 05, 2010","139.625","139.210","139.965","138.270","-0.09"
"Mar 08, 2010","139.455","139.140","140.305","138.470","-0.12"
"Mar 09, 2010","139.250","139.030","139.660","138.560","-0.15"
"Mar 10, 2010","139.295","138.710","139.805","138.610","0.03"
"Mar 11, 2010","139.400","139.280","139.810","138.550","0.08"
"Mar 12, 2010","139.810","138.930","139.940","138.550","0.29"
"Mar 15, 2010","139.705","139.410","139.935","138.520","-0.08"
"Mar 16, 2010","139.685","139.090","140.125","138.750","-0.01"
"Mar 17, 2010","139.630","139.230","140.090","138.770","-0.04"
"Mar 18, 2010","139.550","139.260","140.100","138.360","-0.06"
"Mar 19, 2010","138.850","138.940","139.760","137.980","-0.50"
"Mar 22, 2010","139.065","138.200","139.215","137.560","0.15"
"Mar 23, 2010","138.500","138.560","139.450","137.650","-0.41"
"Mar 24, 2010","138.695","137.800","139.185","136.900","0.14"
"Mar 25, 2010","138.720","138.180","139.060","137.520","0.02"
"Mar 26, 2010","139.205","138.150","139.555","137.790","0.35"
"Mar 29, 2010","139.525","139.650","140.245","138.250","0.23"
"Mar 30, 2010","138.840","138.970","139.710","138.170","-0.49"
"Mar 31, 2010","139.000","138.260","139.650","138.140","0.12"
"Apr 01, 2010","139.340","138.510","139.530","138.050","0.24"
"Apr 02, 2010","139.280","138.310","139.410","138.100","-0.04"
"Apr 05, 2010","138.850","138.580","139.400","138.310","-0.31"
"Apr 06, 2010","138.455","138.540","139.285","137.780","-0.28"
"Apr 07, 2010","138.800","138.020","139.390","137.760","0.25"
"Apr 08, 2010","138.930","138.230","139.060","137.330","0.09"
"Apr 09, 2010","138.875","138.330","138.915","137.810","-0.04"
"Apr 12, 2010","138.725","139.810","140.985","137.750","-0.11"
"Apr 13, 2010","138.745","138.290","139.185","137.990","0.01"
"Apr 14, 2010","138.555","138.350","139.145","137.790","-0.14"
"Apr 15, 2010","138.420","138.120","138.700","137.790","-0.10"
"Apr 16, 2010","138.465","138.190","138.935","137.760","0.03"
"Apr 19, 2010","138.805","137.700","138.855","137.310","0.25"
"Apr 20, 2010","138.150","138.420","138.760","137.470","-0.47"
"Apr 21, 2010","138.390","137.940","139.270","137.370","0.17"
"Apr 22, 2010","137.685","137.680","139.465","136.770","-0.51"
"Apr 23, 2010","138.110","137.170","138.340","136.370","0.31"
"Apr 26, 2010","138.100","137.190","138.780","137.080","-0.01"
"Apr 27, 2010","137.985","137.320","138.615","137.090","-0.08"
"Apr 28, 2010","137.935","137.230","138.195","136.380","-0.04"
"Apr 29, 2010","137.155","137.370","138.195","136.650","-0.57"
"Apr 30, 2010","138.030","136.840","138.320","136.660","0.64"
"May 03, 2010","137.420","138.070","138.680","136.400","-0.44"
"May 04, 2010","136.730","136.790","137.780","136.120","-0.50"
"May 05, 2010","135.950","136.140","137.570","135.090","-0.57"
"May 06, 2010","136.580","135.470","137.120","134.550","0.46"
"May 07, 2010","136.970","135.940","137.070","135.230","0.29"
"May 10, 2010","135.685","138.330","139.305","135.030","-0.94"
"May 11, 2010","135.795","135.370","136.835","134.180","0.08"
"May 12, 2010","136.195","135.320","136.725","134.930","0.29"
"May 13, 2010","136.345","135.740","136.755","135.580","0.11"
"May 14, 2010","136.085","135.820","136.785","135.310","-0.19"
"May 17, 2010","137.025","135.480","137.075","134.220","0.69"
"May 18, 2010","134.915","136.680","137.335","134.100","-1.54"
"May 19, 2010","137.265","134.330","137.295","133.910","1.74"
"May 20, 2010","136.860","136.840","138.320","135.540","-0.30"
"May 21, 2010","137.055","136.370","139.075","135.930","0.14"
"May 24, 2010","137.055","136.250","137.515","135.550","0.00"
"May 25, 2010","137.875","136.440","137.955","135.720","0.60"
"May 26, 2010","136.800","137.640","138.220","136.000","-0.78"
"May 27, 2010","137.405","136.200","137.705","135.910","0.44"
"May 28, 2010","137.060","136.800","137.950","136.170","-0.25"
"May 31, 2010","137.275","136.550","137.945","136.320","0.16"
"Jun 01, 2010","135.750","136.750","137.760","135.130","-1.11"
"Jun 02, 2010","136.975","134.920","137.455","134.680","0.90"
"Jun 03, 2010","136.895","136.330","137.905","136.050","-0.06"
"Jun 04, 2010","135.600","136.180","137.380","134.710","-0.95"
"Jun 07, 2010","136.135","134.610","136.775","133.830","0.39"
"Jun 08, 2010","136.110","135.590","136.560","135.170","-0.02"
"Jun 09, 2010","136.130","135.750","137.010","135.210","0.01"
"Jun 10, 2010","136.460","135.390","136.780","135.090","0.24"
"Jun 11, 2010","136.900","136.060","136.930","135.400","0.32"
"Jun 14, 2010","136.645","136.770","138.165","135.710","-0.19"
"Jun 15, 2010","136.540","136.160","137.130","135.700","-0.08"
"Jun 16, 2010","136.625","136.070","137.245","135.720","0.06"
"Jun 17, 2010","136.670","136.000","137.200","135.760","0.03"
"Jun 18, 2010","136.905","136.080","137.535","135.960","0.17"
"Jun 21, 2010","137.065","136.700","137.275","136.040","0.12"
"Jun 22, 2010","137.130","136.620","137.380","136.040","0.05"
"Jun 23, 2010","137.810","136.550","138.130","135.980","0.50"
"Jun 24, 2010","137.260","137.470","138.410","136.290","-0.40"
"Jun 25, 2010","137.100","136.470","137.400","136.210","-0.12"
"Jun 28, 2010","136.945","136.550","137.295","136.060","-0.11"
"Jun 29, 2010","136.380","136.410","136.910","135.620","-0.41"
"Jun 30, 2010","136.770","136.100","137.260","135.570","0.29"
"Jul 01, 2010","137.290","135.980","137.520","135.740","0.38"
"Jul 02, 2010","137.225","136.920","137.615","136.090","-0.05"
"Jul 05, 2010","137.140","136.580","137.350","136.110","-0.06"
"Jul 06, 2010","136.755","136.540","137.075","135.920","-0.28"
"Jul 07, 2010","136.685","136.510","137.195","135.830","-0.05"
"Jul 08, 2010","136.615","136.160","136.885","135.930","-0.05"
"Jul 09, 2010","136.440","136.440","136.950","135.710","-0.13"
"Jul 12, 2010","136.425","136.220","136.685","135.520","-0.01"
"Jul 13, 2010","136.455","136.140","136.745","135.630","0.02"
"Jul 14, 2010","136.395","136.150","136.775","135.620","-0.04"
"Jul 15, 2010","136.140","135.980","136.710","135.340","-0.19"
"Jul 16, 2010","136.160","135.600","136.600","135.450","0.01"
"Jul 19, 2010","135.885","135.750","136.685","134.920","-0.20"
"Jul 20, 2010","135.150","135.270","136.310","133.980","-0.54"
"Jul 21, 2010","134.760","134.440","135.480","133.140","-0.29"
"Jul 22, 2010","134.965","134.010","135.595","133.920","0.15"
"Jul 23, 2010","136.205","134.380","136.475","134.120","0.92"
"Jul 26, 2010","135.295","135.640","136.805","134.200","-0.67"
"Jul 27, 2010","135.300","134.300","135.830","134.220","0.00"
"Jul 28, 2010","135.655","134.760","136.265","134.490","0.26"
"Jul 29, 2010","136.225","135.040","136.945","134.900","0.42"
"Jul 30, 2010","136.090","135.380","137.680","135.280","-0.10"
"Aug 02, 2010","135.610","135.630","136.500","134.530","-0.35"
"Aug 03, 2010","136.240","135.060","136.830","134.660","0.46"
"Aug 04, 2010","136.260","135.450","136.490","135.210","0.01"
"Aug 05, 2010","136.630","135.790","136.880","135.210","0.27"
"Aug 06, 2010","136.535","135.740","137.015","135.260","-0.07"
"Aug 09, 2010","135.865","135.820","136.245","135.050","-0.49"
"Aug 10, 2010","136.515","135.550","137.025","134.620","0.48"
"Aug 11, 2010","135.045","135.990","136.565","134.570","-1.08"
"Aug 12, 2010","135.645","134.710","136.135","134.570","0.44"
"Aug 13, 2010","135.440","135.130","135.950","134.710","-0.15"
"Aug 16, 2010","135.565","135.130","136.135","134.630","0.09"
"Aug 17, 2010","136.020","135.090","136.440","134.690","0.34"
"Aug 18, 2010","136.315","135.550","136.875","134.970","0.22"
"Aug 19, 2010","136.250","135.380","137.300","135.210","-0.05"
"Aug 20, 2010","136.190","135.470","136.750","135.270","-0.04"
"Aug 23, 2010","136.200","135.620","137.140","135.320","0.01"
"Aug 24, 2010","136.685","135.510","137.295","135.370","0.36"
"Aug 25, 2010","137.000","136.130","137.550","135.890","0.23"
"Aug 26, 2010","137.280","136.380","137.730","136.030","0.20"
"Aug 27, 2010","136.995","136.660","137.575","136.060","-0.21"
"Aug 30, 2010","136.840","136.570","137.480","136.140","-0.11"
"Aug 31, 2010","136.975","136.460","137.495","136.110","0.10"
"Sep 01, 2010","136.900","136.600","137.640","136.260","-0.05"
"Sep 02, 2010","137.135","136.460","137.215","136.210","0.17"
"Sep 03, 2010","137.000","136.970","137.600","136.170","-0.10"
"Sep 06, 2010","136.835","136.490","137.195","136.250","-0.12"
"Sep 07, 2010","136.945","136.620","137.525","135.640","0.08"
"Sep 08, 2010","136.550","136.380","137.130","135.540","-0.29"
"Sep 09, 2010","136.240","136.270","137.010","135.640","-0.23"
"Sep 10, 2010","135.835","136.000","137.035","135.280","-0.30"
"Sep 13, 2010","136.450","135.640","137.680","135.440","0.45"
"Sep 14, 2010","136.250","135.780","136.980","135.130","-0.15"
"Sep 15, 2010","136.150","135.590","136.220","135.250","-0.07"
"Sep 16, 2010","136.500","135.450","136.850","135.380","0.26"
"Sep 17, 2010","136.855","135.960","136.975","135.800","0.26"
"Sep 20, 2010","136.700","136.630","137.260","135.930","-0.11"
"Sep 21, 2010","137.710","136.410","138.020","135.920","0.74"
"Sep 22, 2010","137.215","137.160","138.765","136.050","-0.36"
"Sep 23, 2010","137.305","136.380","137.675","136.330","0.07"
"Sep 24, 2010","137.845","136.880","138.345","136.270","0.39"
"Sep 27, 2010","137.795","137.150","138.265","136.730","-0.04"
"Sep 28, 2010","138.055","137.330","138.595","136.910","0.19"
"Sep 29, 2010","138.305","137.480","139.115","137.360","0.18"
"Sep 30, 2010","138.510","137.590","139.180","137.480","0.15"
"Oct 01, 2010","138.505","137.790","139.295","137.570","-0.00"
"Oct 04, 2010","138.300","137.820","139.020","137.410","-0.15"
"Oct 05, 2010","138.120","137.480","138.510","137.310","-0.13"
"Oct 06, 2010","138.180","137.600","138.580","137.310","0.04"
"Oct 07, 2010","138.290","137.690","138.770","137.350","0.08"
"Oct 08, 2010","138.385","137.500","139.195","137.290","0.07"
"Oct 11, 2010","138.300","138.030","139.040","137.400","-0.06"
"Oct 12, 2010","139.065","137.500","139.125","137.300","0.55"
"Oct 13, 2010","138.500","138.560","139.770","137.500","-0.41"
"Oct 14, 2010","138.660","137.880","139.380","137.310","0.12"
"Oct 15, 2010","138.510","137.860","139.060","137.720","-0.11"
"Oct 18, 2010","138.350","138.120","139.220","136.910","-0.12"
"Oct 19, 2010","138.525","137.690","138.725","137.520","0.13"
"Oct 20, 2010","138.425","137.640","138.855","137.440","-0.07"
"Oct 21, 2010","138.355","137.670","138.975","137.460","-0.05"
"Oct 22, 2010","138.335","137.650","138.925","137.420","-0.01"
"Oct 25, 2010","138.360","137.810","139.530","137.550","0.02"
"Oct 26, 2010","138.480","137.640","138.950","137.560","0.09"
"Oct 27, 2010","138.555","137.620","138.985","137.540","0.05"
"Oct 28, 2010","138.530","137.980","139.100","137.770","-0.02"
"Oct 29, 2010","138.940","138.290","139.100","137.800","0.30"
"Nov 01, 2010","138.160","138.490","139.240","137.390","-0.56"
"Nov 02, 2010","138.175","137.560","138.885","137.320","0.01"
"Nov 03, 2010","138.930","137.620","139.640","137.290","0.55"
"Nov 04, 2010","138.520","138.330","139.020","137.530","-0.30"
"Nov 05, 2010","138.870","138.160","139.370","137.570","0.25"
"Nov 08, 2010","138.860","138.190","139.390","137.630","-0.01"
"Nov 09, 2010","138.590","138.210","139.280","137.700","-0.19"
"Nov 10, 2010","139.625","137.930","139.835","137.530","0.75"
"Nov 11, 2010","139.500","138.860","139.930","138.300","-0.09"
"Nov 12, 2010","139.095","138.830","139.755","138.240","-0.29"
"Nov 15, 2010","139.050","138.870","139.820","138.320","-0.03"
"Nov 16, 2010","138.105","138.610","139.755","137.220","-0.68"
"Nov 17, 2010","139.245","137.630","139.755","137.420","0.83"
"Nov 18, 2010","139.120","138.630","139.640","138.210","-0.09"
"Nov 19, 2010","138.985","138.480","139.565","138.220","-0.10"
"Nov 22, 2010","139.155","138.650","139.955","137.830","0.12"
"Nov 23, 2010","139.090","138.500","139.310","137.540","-0.05"
"Nov 24, 2010","138.830","138.040","139.260","137.670","-0.19"
"Nov 25, 2010","138.830","137.900","139.560","137.800","0.00"
"Nov 26, 2010","138.540","138.070","139.160","137.700","-0.21"
"Nov 29, 2010","137.930","137.960","138.750","136.680","-0.44"
"Nov 30, 2010","138.820","137.310","139.300","136.810","0.65"
"Dec 01, 2010","138.850","138.120","139.380","137.880","0.02"
"Dec 02, 2010","138.825","138.300","139.635","138.000","-0.02"
"Dec 03, 2010","139.610","138.120","139.650","138.040","0.57"
"Dec 06, 2010","139.190","138.770","139.890","138.200","-0.30"
"Dec 07, 2010","139.145","138.490","139.765","137.990","-0.03"
"Dec 08, 2010","139.180","138.500","139.370","137.630","0.03"
"Dec 09, 2010","139.225","138.510","139.865","138.250","0.03"
"Dec 10, 2010","139.110","138.510","139.320","138.090","-0.08"
"Dec 13, 2010","139.240","138.480","139.740","138.210","0.09"
"Dec 14, 2010","139.175","138.510","140.005","138.230","-0.05"
"Dec 15, 2010","139.255","138.440","139.795","137.470","0.06"
"Dec 16, 2010","139.220","138.740","139.840","137.940","-0.03"
"Dec 17, 2010","138.890","138.510","139.550","138.110","-0.24"
"Dec 20, 2010","138.580","138.190","139.280","137.590","-0.22"
"Dec 21, 2010","137.970","138.220","139.410","137.320","-0.44"
"Dec 22, 2010","138.305","137.570","138.825","137.070","0.24"
"Dec 23, 2010","138.220","137.640","138.770","137.010","-0.06"
"Dec 24, 2010","138.405","137.640","138.465","137.220","0.13"
"Dec 27, 2010","138.240","137.960","138.890","137.500","-0.12"
"Dec 28, 2010","138.380","137.740","138.830","137.390","0.10"
"Dec 29, 2010","138.755","137.920","139.145","137.680","0.27"
"Dec 30, 2010","138.475","138.320","139.515","137.710","-0.20"
"Dec 31, 2010","139.100","137.770","139.600","137.610","0.45"
"Jan 03, 2011","138.480","138.120","139.240","137.120","-0.45"
"Jan 04, 2011","138.800","137.970","139.390","137.620","0.23"
"Jan 05, 2011","138.795","138.160","139.215","137.770","-0.00"
"Jan 06, 2011","138.805","138.260","139.425","137.440","0.01"
"Jan 07, 2011","137.960","138.110","139.000","137.090","-0.61"
"Jan 10, 2011","138.090","137.120","138.540","137.020","0.09"
"Jan 11, 2011","138.160","137.640","138.610","137.510","0.05"
"Jan 12, 2011","138.390","137.860","138.730","137.270","0.17"
"Jan 13, 2011","138.355","137.940","138.785","137.550","-0.03"
"Jan 14, 2011","138.690","137.860","138.980","137.490","0.24"
"Jan 17, 2011","138.345","138.210","139.055","137.270","-0.25"
"Jan 18, 2011","138.300","137.820","138.630","137.630","-0.03"
"Jan 19, 2011","138.465","137.980","139.845","137.620","0.12"
"Jan 20, 2011","138.685","137.970","139.385","137.760","0.16"
"Jan 21, 2011","138.890","138.050","139.200","137.820","0.15"
"Jan 24, 2011","138.995","138.280","139.415","137.840","0.08"
"Jan 25, 2011","139.040","138.390","139.580","138.140","0.03"
"Jan 26, 2011","139.035","138.400","139.755","138.170","-0.00"
"Jan 27, 2011","139.150","138.610","139.880","138.190","0.08"
"Jan 28, 2011","139.315","138.480","139.995","138.400","0.12"
"Jan 31, 2011","139.400","138.640","140.170","138.250","0.06"
"Feb 01, 2011","139.395","138.900","140.135","138.560","-0.00"
"Feb 02, 2011","139.440","138.690","140.100","138.600","0.03"
"Feb 03, 2011","139.575","139.090","140.245","138.660","0.10"
"Feb 04, 2011","141.250","138.800","141.390","138.700","1.20"
"Feb 07, 2011","140.965","140.220","141.395","139.200","-0.20"
"Feb 08, 2011","140.545","140.410","141.825","139.580","-0.30"
"Feb 09, 2011","140.835","139.850","141.095","139.340","0.21"
"Feb 10, 2011","140.160","140.150","140.590","139.390","-0.48"
"Feb 11, 2011","139.805","139.770","140.705","138.590","-0.25"
"Feb 14, 2011","139.155","138.720","140.065","138.340","-0.46"
"Feb 15, 2011","139.615","138.510","140.125","138.250","0.33"
"Feb 16, 2011","138.790","138.820","139.560","138.010","-0.59"
"Feb 17, 2011","138.690","138.340","139.130","138.010","-0.07"
"Feb 18, 2011","139.465","138.180","139.645","138.080","0.56"
"Feb 21, 2011","139.060","139.050","139.690","138.220","-0.29"
"Feb 22, 2011","138.970","138.610","139.650","137.070","-0.06"
"Feb 23, 2011","139.145","138.390","139.945","138.280","0.13"
"Feb 24, 2011","139.725","138.490","140.285","138.400","0.42"
"Feb 25, 2011","139.885","138.960","140.385","138.840","0.11"
"Feb 28, 2011","140.065","139.360","140.425","138.870","0.13"
"Mar 01, 2011","139.915","139.460","140.355","138.950","-0.11"
"Mar 02, 2011","139.665","139.320","140.115","138.920","-0.18"
"Mar 03, 2011","140.150","139.140","140.730","139.030","0.35"
"Mar 04, 2011","140.230","139.850","140.870","139.230","0.06"
"Mar 07, 2011","140.215","139.600","140.625","139.380","-0.01"
"Mar 08, 2011","140.250","140.060","140.800","139.390","0.02"
"Mar 09, 2011","140.235","139.620","140.675","139.160","-0.01"
"Mar 10, 2011","140.460","139.610","140.740","139.300","0.16"
"Mar 11, 2011","140.105","139.780","140.535","139.270","-0.25"
"Mar 14, 2011","139.895","139.440","140.075","139.310","-0.15"
"Mar 15, 2011","139.920","139.510","140.280","138.860","0.02"
"Mar 16, 2011","139.830","139.580","140.350","139.190","-0.06"
"Mar 17, 2011","140.160","139.340","140.690","139.170","0.24"
"Mar 18, 2011","140.230","139.630","140.970","139.280","0.05"
"Mar 21, 2011","140.245","139.820","141.255","139.330","0.01"
"Mar 22, 2011","140.285","139.390","140.415","139.290","0.03"
"Mar 23, 2011","140.295","139.370","140.685","139.320","0.01"
"Mar 24, 2011","140.170","139.680","140.790","139.400","-0.09"
"Mar 25, 2011","140.205","139.600","140.845","139.500","0.02"
"Mar 28, 2011","140.255","139.790","140.915","139.350","0.04"
"Mar 29, 2011","140.260","139.670","140.920","139.190","0.00"
"Mar 30, 2011","140.160","139.700","140.740","139.590","-0.07"
"Mar 31, 2011","140.430","139.740","141.410","139.600","0.19"
"Apr 01, 2011","141.180","139.700","141.770","139.620","0.53"
"Apr 04, 2011","140.820","140.580","141.460","139.830","-0.25"
"Apr 05, 2011","140.835","140.360","141.505","140.080","0.01"
"Apr 06, 2011","141.450","140.170","141.730","140.090","0.44"
"Apr 07, 2011","141.465","140.800","141.735","140.230","0.01"
"Apr 08, 2011","142.235","141.010","142.335","140.550","0.54"
"Apr 11, 2011","141.570","141.380","142.250","140.730","-0.47"
"Apr 12, 2011","141.750","141.240","142.090","140.410","0.13"
"Apr 13, 2011","141.865","140.920","142.215","140.710","0.08"
"Apr 14, 2011","141.965","141.300","142.165","140.830","0.07"
"Apr 15, 2011","141.960","141.450","142.230","140.810","-0.00"
"Apr 18, 2011","141.725","141.360","142.065","140.760","-0.17"
"Apr 19, 2011","141.475","141.240","141.835","140.460","-0.18"
"Apr 20, 2011","141.685","140.950","141.815","140.530","0.15"
"Apr 21, 2011","141.880","141.150","142.280","140.560","0.14"
"Apr 22, 2011","141.680","141.390","142.130","140.910","-0.14"
"Apr 25, 2011","141.795","141.260","142.075","140.520","0.08"
"Apr 26, 2011","141.995","141.250","142.155","140.430","0.14"
"Apr 27, 2011","142.570","141.490","142.750","140.930","0.40"
"Apr 28, 2011","142.460","141.980","143.690","141.150","-0.08"
"Apr 29, 2011","142.395","141.890","142.955","141.440","-0.05"
"May 02, 2011","142.440","142.270","143.240","141.600","0.03"
"May 03, 2011","142.295","141.790","142.715","141.340","-0.10"
"May 04, 2011","142.455","141.800","143.015","141.530","0.11"
"May 05, 2011","142.545","141.810","143.165","141.570","0.06"
"May 06, 2011","142.320","141.810","143.130","141.360","-0.16"
"May 09, 2011","142.340","141.600","142.840","141.290","0.01"
"May 10, 2011","142.100","141.520","142.720","141.330","-0.17"
"May 11, 2011","142.050","141.440","142.900","141.240","-0.04"
"May 12, 2011","141.540","141.540","142.540","140.650","-0.36"
"May 13, 2011","141.245","140.900","142.225","140.150","-0.21"
"May 16, 2011","141.210","140.290","141.680","139.970","-0.02"
"May 17, 2011","141.235","140.600","141.625","140.560","0.02"
"May 18, 2011","141.420","140.860","141.920","140.550","0.13"
"May 19, 2011","141.490","140.910","142.010","140.630","0.05"
"May 20, 2011","140.845","140.840","141.905","140.110","-0.46"
"May 23, 2011","140.780","140.100","141.480","139.000","-0.05"
"May 24, 2011","141.160","140.380","141.850","140.140","0.27"
"May 25, 2011","141.365","140.530","141.995","140.460","0.15"
"May 26, 2011","141.575","140.740","142.145","140.630","0.15"
"May 27, 2011","141.915","140.930","142.215","140.820","0.24"
"May 30, 2011","142.015","141.160","142.325","141.100","0.07"
"May 31, 2011","142.065","141.430","142.555","141.320","0.04"
"Jun 01, 2011","142.280","141.560","142.690","141.470","0.15"
"Jun 02, 2011","142.485","141.750","142.865","141.610","0.14"
"Jun 03, 2011","142.715","141.950","143.035","141.610","0.16"
"Jun 06, 2011","142.705","142.250","143.185","141.740","-0.01"
"Jun 07, 2011","142.760","142.140","143.160","141.640","0.04"
"Jun 08, 2011","142.820","142.260","143.180","141.940","0.04"
"Jun 09, 2011","142.885","142.370","143.475","141.750","0.05"
"Jun 10, 2011","142.970","142.360","143.170","141.940","0.06"
"Jun 13, 2011","142.605","142.560","143.125","141.930","-0.26"
"Jun 14, 2011","142.310","142.080","143.150","141.670","-0.21"
"Jun 15, 2011","142.215","141.950","142.735","141.560","-0.07"
"Jun 16, 2011","142.710","141.660","142.830","140.900","0.35"
"Jun 17, 2011","141.420","142.180","142.980","140.460","-0.90"
"Jun 20, 2011","140.980","141.020","141.680","140.080","-0.31"
"Jun 21, 2011","141.480","140.410","141.650","139.880","0.35"
"Jun 22, 2011","141.170","140.790","141.870","140.270","-0.22"
"Jun 23, 2011","141.560","140.540","141.750","140.280","0.28"
"Jun 24, 2011","141.400","141.060","141.840","140.690","-0.11"
"Jun 27, 2011","141.205","140.810","141.835","140.560","-0.14"
"Jun 28, 2011","141.190","140.700","141.580","140.390","-0.01"
"Jun 29, 2011","141.330","140.800","142.190","140.330","0.10"
"Jun 30, 2011","141.505","140.770","141.715","140.550","0.12"
"Jul 01, 2011","141.440","141.130","141.850","140.440","-0.05"
"Jul 04, 2011","141.440","141.110","141.830","140.390","0.00"
"Jul 05, 2011","140.900","141.120","141.600","140.280","-0.38"
"Jul 06, 2011","140.890","140.520","141.350","140.080","-0.01"
"Jul 07, 2011","140.745","140.510","141.245","139.920","-0.10"
"Jul 08, 2011","140.775","140.270","141.395","139.690","0.02"
"Jul 11, 2011","140.095","139.590","140.855","138.680","-0.48"
"Jul 12, 2011","138.925","139.380","140.105","137.810","-0.84"
"Jul 13, 2011","139.235","138.370","139.535","138.070","0.22"
"Jul 14, 2011","138.940","138.880","140.290","138.120","-0.21"
"Jul 15, 2011","138.905","138.440","139.405","138.270","-0.03"
"Jul 18, 2011","138.755","138.500","139.345","138.000","-0.11"
"Jul 19, 2011","138.515","138.110","138.985","137.820","-0.17"
"Jul 20, 2011","139.230","138.240","139.630","138.050","0.52"
"Jul 21, 2011","139.895","138.830","140.075","138.370","0.48"
"Jul 22, 2011","139.250","139.310","139.860","138.460","-0.46"
"Jul 25, 2011","139.550","139.140","139.780","138.610","0.22"
"Jul 26, 2011","140.300","139.160","141.060","138.820","0.54"
"Jul 27, 2011","140.630","139.840","141.150","139.270","0.24"
"Jul 28, 2011","140.295","139.830","140.835","139.420","-0.24"
"Jul 29, 2011","140.365","139.720","140.685","139.160","0.05"
"Aug 01, 2011","139.550","139.390","140.750","138.770","-0.58"
"Aug 02, 2011","139.410","138.900","140.230","138.700","-0.10"
"Aug 03, 2011","140.170","138.850","140.350","138.660","0.55"
"Aug 04, 2011","139.500","139.650","140.630","138.840","-0.48"
"Aug 05, 2011","140.650","138.940","140.820","138.520","0.82"
"Aug 08, 2011","139.320","141.190","141.840","138.750","-0.95"
"Aug 09, 2011","140.585","138.800","140.695","138.250","0.91"
"Aug 10, 2011","139.615","140.200","140.655","138.590","-0.69"
"Aug 11, 2011","139.555","139.060","140.785","138.330","-0.04"
"Aug 12, 2011","139.290","138.900","139.820","138.240","-0.19"
"Aug 15, 2011","139.425","138.740","139.765","138.090","0.10"
"Aug 16, 2011","139.675","138.980","140.055","138.700","0.18"
"Aug 17, 2011","140.220","139.190","140.670","139.010","0.39"
"Aug 18, 2011","140.250","139.540","140.590","139.130","0.02"
"Aug 19, 2011","139.520","139.680","140.260","138.980","-0.52"
"Aug 22, 2011","139.920","138.940","140.440","138.710","0.29"
"Aug 23, 2011","140.205","139.410","140.995","139.350","0.20"
"Aug 24, 2011","140.550","139.590","140.780","139.540","0.25"
"Aug 25, 2011","140.280","140.120","140.670","139.670","-0.19"
"Aug 26, 2011","140.175","139.990","140.825","139.550","-0.07"
"Aug 29, 2011","140.410","139.820","140.860","139.450","0.17"
"Aug 30, 2011","140.395","139.910","140.495","139.260","-0.01"
"Aug 31, 2011","140.335","139.900","140.945","139.630","-0.04"
"Sep 01, 2011","140.370","139.800","140.950","139.560","0.02"
"Sep 02, 2011","140.280","139.930","140.780","139.620","-0.06"
"Sep 05, 2011","140.105","139.450","140.665","138.920","-0.12"
"Sep 06, 2011","140.310","139.610","140.770","139.380","0.15"
"Sep 07, 2011","140.695","139.930","141.225","139.390","0.27"
"Sep 08, 2011","139.720","140.140","140.870","139.120","-0.69"
"Sep 09, 2011","139.500","139.230","140.740","138.640","-0.16"
"Sep 12, 2011","140.205","138.040","140.665","137.350","0.51"
"Sep 13, 2011","140.565","139.610","141.145","139.340","0.26"
"Sep 14, 2011","140.450","140.150","140.870","139.210","-0.08"
"Sep 15, 2011","140.600","139.950","141.030","139.670","0.11"
"Sep 16, 2011","140.720","140.080","141.060","139.840","0.09"
"Sep 19, 2011","140.505","138.890","141.045","138.620","-0.15"
"Sep 20, 2011","140.600","140.000","141.040","139.730","0.07"
"Sep 21, 2011","140.155","140.150","140.895","139.430","-0.32"
"Sep 22, 2011","140.380","139.780","140.840","139.290","0.16"
"Sep 23, 2011","140.215","139.910","141.015","139.350","-0.12"
"Sep 26, 2011","140.615","139.860","141.015","138.350","0.29"
"Sep 27, 2011","140.335","140.070","141.175","139.700","-0.20"
"Sep 28, 2011","140.255","139.820","141.385","139.320","-0.06"
"Sep 29, 2011","140.715","139.670","141.655","139.570","0.33"
"Sep 30, 2011","139.985","140.080","141.645","139.090","-0.52"
"Oct 03, 2011","140.455","138.830","141.345","138.560","0.34"
"Oct 04, 2011","140.600","139.970","140.940","139.740","0.10"
"Oct 05, 2011","140.975","140.160","141.365","139.810","0.27"
"Oct 06, 2011","140.585","140.610","141.105","139.540","-0.28"
"Oct 07, 2011","139.060","140.200","140.910","138.400","-1.08"
"Oct 10, 2011","140.555","138.770","140.905","138.580","1.08"
"Oct 11, 2011","140.615","140.000","140.975","139.800","0.04"
"Oct 12, 2011","140.770","140.150","140.880","140.000","0.11"
"Oct 13, 2011","141.020","140.370","141.280","139.930","0.18"
"Oct 14, 2011","140.785","140.460","141.275","139.940","-0.17"
"Oct 17, 2011","140.305","140.500","140.905","139.780","-0.34"
"Oct 18, 2011","140.850","139.840","141.680","139.830","0.39"
"Oct 19, 2011","141.030","140.400","142.210","140.250","0.13"
"Oct 20, 2011","141.605","140.560","141.765","139.810","0.41"
"Oct 21, 2011","140.835","141.280","141.995","139.730","-0.54"
"Oct 24, 2011","140.890","140.170","141.540","139.790","0.04"
"Oct 25, 2011","141.155","140.460","141.705","140.020","0.19"
"Oct 26, 2011","142.160","140.620","142.360","140.510","0.71"
"Oct 27, 2011","141.900","141.640","143.470","140.810","-0.18"
"Oct 28, 2011","141.725","141.370","142.255","141.110","-0.12"
"Oct 31, 2011","141.115","141.310","142.205","139.560","-0.43"
"Nov 01, 2011","141.435","140.700","142.205","139.580","0.23"
"Nov 02, 2011","141.585","140.910","142.175","140.290","0.11"
"Nov 03, 2011","141.610","140.990","142.200","140.710","0.02"
"Nov 04, 2011","141.730","141.080","142.200","140.790","0.08"
"Nov 07, 2011","141.650","141.360","141.990","140.780","-0.06"
"Nov 08, 2011","142.075","141.290","142.185","140.870","0.30"
"Nov 09, 2011","140.995","141.600","142.405","140.160","-0.76"
"Nov 10, 2011","141.185","140.380","141.765","139.730","0.13"
"Nov 11, 2011","141.040","140.680","141.750","140.260","-0.10"
"Nov 14, 2011","141.245","140.410","141.505","140.150","0.15"
"Nov 15, 2011","141.020","140.720","141.340","140.180","-0.16"
"Nov 16, 2011","140.180","140.560","141.160","139.660","-0.60"
"Nov 17, 2011","139.945","139.690","141.285","139.190","-0.17"
"Nov 18, 2011","140.815","139.300","141.085","139.160","0.62"
"Nov 21, 2011","140.385","140.390","141.195","139.780","-0.31"
"Nov 22, 2011","140.250","139.920","141.000","139.570","-0.10"
"Nov 23, 2011","140.205","139.670","140.855","139.510","-0.03"
"Nov 24, 2011","140.175","139.630","140.595","139.400","-0.02"
"Nov 25, 2011","139.970","139.760","140.670","138.920","-0.15"
"Nov 28, 2011","140.775","140.290","141.705","139.810","0.58"
"Nov 29, 2011","139.955","140.240","141.535","138.950","-0.58"
"Nov 30, 2011","139.865","139.270","140.405","138.910","-0.06"
"Dec 01, 2011","138.955","139.370","140.105","138.070","-0.65"
"Dec 02, 2011","138.115","138.320","139.155","137.200","-0.60"
"Dec 05, 2011","137.710","137.550","138.590","136.950","-0.29"
"Dec 06, 2011","137.630","137.100","138.250","135.820","-0.06"
"Dec 07, 2011","138.690","136.800","140.070","136.770","0.77"
"Dec 08, 2011","138.705","137.890","139.175","137.710","0.01"
"Dec 09, 2011","138.940","137.880","139.530","137.650","0.17"
"Dec 12, 2011","138.810","138.290","139.460","138.030","-0.09"
"Dec 13, 2011","138.425","138.200","139.365","137.550","-0.28"
"Dec 14, 2011","138.600","137.780","139.190","137.370","0.13"
"Dec 15, 2011","137.985","137.980","139.075","137.220","-0.44"
"Dec 16, 2011","138.215","137.390","138.615","137.130","0.17"
"Dec 19, 2011","137.970","137.660","138.710","137.000","-0.18"
"Dec 20, 2011","138.010","137.540","138.520","137.410","0.03"
"Dec 21, 2011","138.435","137.530","138.955","137.410","0.31"
"Dec 22, 2011","138.165","137.890","138.845","137.440","-0.20"
"Dec 23, 2011","138.155","137.600","138.705","137.300","-0.01"
"Dec 26, 2011","137.655","137.550","138.385","136.490","-0.36"
"Dec 27, 2011","137.920","137.140","138.250","136.710","0.19"
"Dec 28, 2011","138.260","137.220","138.760","137.040","0.25"
"Dec 29, 2011","139.280","137.570","139.370","137.430","0.74"
"Dec 30, 2011","138.280","138.810","139.400","137.620","-0.72"
"Jan 02, 2012","138.165","137.730","138.575","137.480","-0.08"
"Jan 03, 2012","138.840","137.670","139.140","137.640","0.49"
"Jan 04, 2012","138.885","138.460","139.225","138.100","0.03"
"Jan 05, 2012","138.470","138.480","138.970","137.730","-0.30"
"Jan 06, 2012","138.145","138.100","138.745","137.200","-0.23"
"Jan 09, 2012","138.145","137.550","138.535","137.450","0.00"
"Jan 10, 2012","138.170","137.610","138.620","137.510","0.02"
"Jan 11, 2012","138.155","137.630","138.705","137.360","-0.01"
"Jan 12, 2012","138.135","137.620","138.405","137.430","-0.01"
"Jan 13, 2012","138.020","137.580","138.510","137.450","-0.08"
"Jan 16, 2012","138.005","137.620","138.495","137.420","-0.01"
"Jan 17, 2012","137.995","137.510","138.555","137.230","-0.01"
"Jan 18, 2012","137.845","137.280","138.345","137.200","-0.11"
"Jan 19, 2012","138.200","137.310","138.340","137.190","0.26"
"Jan 20, 2012","138.130","137.760","138.500","137.440","-0.05"
"Jan 23, 2012","138.160","137.570","138.690","137.520","0.02"
"Jan 24, 2012","138.170","137.570","138.810","137.490","0.01"
"Jan 25, 2012","139.415","137.570","139.555","137.520","0.90"
"Jan 26, 2012","138.940","138.820","139.760","137.940","-0.34"
"Jan 27, 2012","139.110","138.340","139.130","138.060","0.12"
"Jan 30, 2012","138.890","138.630","139.490","138.120","-0.16"
"Jan 31, 2012","139.070","138.170","139.520","138.120","0.13"
"Feb 01, 2012","138.475","138.590","139.365","137.990","-0.43"
"Feb 02, 2012","139.035","138.170","139.805","138.110","0.40"
"Feb 03, 2012","138.970","138.460","139.590","138.430","-0.05"
"Feb 06, 2012","138.775","138.580","139.395","138.150","-0.14"
"Feb 07, 2012","138.860","138.300","139.070","137.930","0.06"
"Feb 08, 2012","139.005","138.550","139.465","138.130","0.10"
"Feb 09, 2012","139.035","138.560","139.565","138.110","0.02"
"Feb 10, 2012","139.235","138.580","139.595","138.180","0.14"
"Feb 13, 2012","139.200","139.140","140.430","138.340","-0.03"
"Feb 14, 2012","138.990","138.710","139.830","138.260","-0.15"
"Feb 15, 2012","139.010","138.400","139.700","138.320","0.01"
"Feb 16, 2012","139.400","138.490","139.660","138.190","0.28"
"Feb 17, 2012","139.350","138.880","139.740","138.420","-0.04"
"Feb 20, 2012","139.245","139.030","139.985","138.580","-0.08"
"Feb 21, 2012","139.235","138.730","140.055","138.510","-0.01"
"Feb 22, 2012","139.505","138.560","139.825","138.500","0.19"
"Feb 23, 2012","139.875","139.130","139.895","138.860","0.27"
"Feb 24, 2012","139.825","139.600","140.235","139.210","-0.04"
"Feb 27, 2012","139.995","139.540","140.495","139.100","0.12"
"Feb 28, 2012","139.980","139.450","140.490","139.320","-0.01"
"Feb 29, 2012","140.070","139.420","140.590","139.260","0.06"
"Mar 01, 2012","140.070","139.580","140.340","139.360","0.00"
"Mar 02, 2012","139.875","139.700","140.295","139.380","-0.14"
"Mar 05, 2012","139.935","139.480","140.365","139.360","0.04"
"Mar 06, 2012","139.775","139.580","140.255","139.020","-0.11"
"Mar 07, 2012","140.065","139.400","140.225","138.950","0.21"
"Mar 08, 2012","139.680","139.610","140.570","138.860","-0.27"
"Mar 09, 2012","139.910","139.180","140.410","138.450","0.16"
"Mar 12, 2012","140.005","139.290","140.125","138.860","0.07"
"Mar 13, 2012","139.830","139.800","140.420","138.850","-0.12"
"Mar 14, 2012","139.825","139.320","139.945","139.070","-0.00"
"Mar 15, 2012","139.925","139.350","140.295","139.190","0.07"
"Mar 16, 2012","139.780","139.570","140.270","139.100","-0.10"
"Mar 19, 2012","140.090","139.300","140.180","139.220","0.22"
"Mar 20, 2012","140.105","139.910","140.505","139.220","0.01"
"Mar 21, 2012","140.145","139.370","140.195","139.330","0.03"
"Mar 22, 2012","139.955","139.810","140.565","139.010","-0.14"
"Mar 23, 2012","140.030","139.680","140.620","139.130","0.05"
"Mar 26, 2012","140.460","139.640","140.570","139.460","0.31"
"Mar 27, 2012","140.455","140.070","140.745","139.170","-0.00"
"Mar 28, 2012","140.775","140.040","140.945","139.460","0.23"
"Mar 29, 2012","140.985","140.540","141.135","139.830","0.15"
"Mar 30, 2012","140.580","140.630","141.930","139.800","-0.29"
"Apr 02, 2012","140.265","140.250","140.985","139.570","-0.22"
"Apr 03, 2012","139.155","139.740","140.655","138.530","-0.79"
"Apr 04, 2012","139.915","138.720","140.555","138.210","0.55"
"Apr 05, 2012","139.595","139.400","140.315","138.800","-0.23"
"Apr 06, 2012","139.525","139.110","139.965","138.840","-0.05"
"Apr 09, 2012","140.150","139.150","140.460","138.420","0.45"
"Apr 10, 2012","139.620","139.850","140.770","139.020","-0.38"
"Apr 11, 2012","139.850","139.120","140.280","139.020","0.16"
"Apr 12, 2012","139.800","139.340","140.290","139.220","-0.04"
"Apr 13, 2012","139.830","139.290","140.200","139.200","0.02"
"Apr 16, 2012","139.830","139.400","140.390","138.640","0.00"
"Apr 17, 2012","139.975","139.420","140.285","139.310","0.10"
"Apr 18, 2012","139.970","139.670","140.440","139.310","-0.00"
"Apr 19, 2012","139.950","139.470","140.360","139.370","-0.01"
"Apr 20, 2012","139.935","139.490","140.395","139.320","-0.01"
"Apr 23, 2012","140.130","139.170","140.240","139.020","0.14"
"Apr 24, 2012","140.000","139.850","140.480","139.430","-0.09"
"Apr 25, 2012","140.195","139.530","140.465","139.300","0.14"
"Apr 26, 2012","139.935","139.800","140.515","139.580","-0.19"
"Apr 27, 2012","140.330","139.420","140.670","139.070","0.28"
"Apr 30, 2012","140.590","139.800","140.660","139.690","0.19"
"May 01, 2012","140.545","140.150","141.035","139.750","-0.03"
"May 02, 2012","139.960","140.100","140.790","139.320","-0.42"
"May 03, 2012","140.065","139.410","140.445","139.280","0.08"
"May 04, 2012","139.930","139.720","140.580","139.300","-0.10"
"May 07, 2012","139.815","139.410","140.195","138.810","-0.08"
"May 08, 2012","139.810","139.450","140.260","139.030","-0.00"
"May 09, 2012","139.415","139.490","139.955","138.910","-0.28"
"May 10, 2012","139.185","139.000","139.685","138.830","-0.16"
"May 11, 2012","139.150","138.810","139.630","138.510","-0.03"
"May 14, 2012","138.810","138.470","139.580","138.320","-0.24"
"May 15, 2012","139.000","138.360","139.560","138.120","0.14"
"May 16, 2012","138.500","138.510","139.240","137.820","-0.36"
"May 17, 2012","138.705","138.080","139.165","138.050","0.15"
"May 18, 2012","139.430","138.380","139.560","137.900","0.52"
"May 21, 2012","139.595","139.120","139.855","138.480","0.12"
"May 22, 2012","139.310","139.200","139.690","138.440","-0.20"
"May 23, 2012","139.700","139.180","140.150","138.670","0.28"
"May 24, 2012","139.205","139.100","139.945","138.650","-0.35"
"May 25, 2012","139.625","138.870","139.785","138.630","0.30"
"May 28, 2012","139.495","139.860","140.815","138.740","-0.09"
"May 29, 2012","139.240","139.190","139.840","138.610","-0.18"
"May 30, 2012","139.260","138.710","139.650","138.230","0.01"
"May 31, 2012","139.070","138.740","139.530","138.400","-0.14"
"Jun 01, 2012","138.955","138.480","139.545","138.000","-0.08"
"Jun 04, 2012","138.910","138.110","139.350","138.010","-0.03"
"Jun 05, 2012","139.020","138.310","139.440","138.160","0.08"
"Jun 06, 2012","139.485","138.390","139.645","138.280","0.33"
"Jun 07, 2012","138.970","139.230","139.710","138.380","-0.37"
"Jun 08, 2012","139.505","138.620","139.545","137.720","0.38"
"Jun 11, 2012","138.355","140.620","141.025","138.040","-0.82"
"Jun 12, 2012","138.915","138.000","138.995","137.810","0.40"
"Jun 13, 2012","138.650","138.490","139.140","138.040","-0.19"
"Jun 14, 2012","138.965","138.190","139.005","137.880","0.23"
"Jun 15, 2012","138.430","138.440","139.070","137.840","-0.38"
"Jun 18, 2012","138.240","138.950","139.690","137.550","-0.14"
"Jun 19, 2012","138.035","137.750","138.665","137.250","-0.15"
"Jun 20, 2012","137.970","137.580","138.420","136.850","-0.05"
"Jun 21, 2012","137.280","137.570","138.500","136.690","-0.50"
"Jun 22, 2012","138.120","136.880","138.500","136.570","0.61"
"Jun 25, 2012","138.205","137.730","138.585","137.630","0.06"
"Jun 26, 2012","138.495","137.690","138.685","137.460","0.21"
"Jun 27, 2012","138.335","137.950","138.535","137.700","-0.12"
"Jun 28, 2012","138.070","137.970","139.030","137.330","-0.19"
"Jun 29, 2012","138.040","137.640","140.220","137.390","-0.02"
"Jul 02, 2012","138.020","137.520","138.320","137.340","-0.01"
"Jul 03, 2012","138.015","137.640","138.405","137.480","-0.00"
"Jul 04, 2012","137.835","137.640","138.265","137.320","-0.13"
"Jul 05, 2012","138.015","137.470","138.505","137.280","0.13"
"Jul 06, 2012","137.910","137.530","138.430","137.170","-0.08"
"Jul 09, 2012","137.540","137.420","138.010","136.690","-0.27"
"Jul 10, 2012","136.615","136.990","137.625","135.790","-0.67"
"Jul 11, 2012","136.960","136.040","137.350","135.920","0.25"
"Jul 12, 2012","137.100","136.560","137.370","136.390","0.10"
"Jul 13, 2012","137.435","136.600","137.605","136.400","0.24"
"Jul 16, 2012","137.425","137.090","137.785","136.700","-0.01"
"Jul 17, 2012","138.460","136.900","138.550","136.840","0.75"
"Jul 18, 2012","137.825","137.980","138.705","136.910","-0.46"
"Jul 19, 2012","137.895","137.290","138.015","136.940","0.05"
"Jul 20, 2012","137.210","137.510","137.920","136.700","-0.50"
"Jul 23, 2012","137.215","136.470","137.675","136.050","0.00"
"Jul 24, 2012","137.225","136.550","137.655","136.430","0.01"
"Jul 25, 2012","137.700","136.850","137.850","136.630","0.35"
"Jul 26, 2012","137.515","137.170","137.935","136.730","-0.13"
"Jul 27, 2012","137.120","137.030","137.950","136.240","-0.29"
"Jul 30, 2012","137.405","136.520","137.855","136.120","0.21"
"Jul 31, 2012","137.355","136.920","137.855","136.560","-0.04"
"Aug 01, 2012","137.300","136.850","137.700","136.530","-0.04"
"Aug 02, 2012","137.280","136.830","137.690","136.520","-0.01"
"Aug 03, 2012","137.325","136.910","137.825","136.540","0.03"
"Aug 06, 2012","137.090","136.790","137.450","136.460","-0.17"
"Aug 07, 2012","136.860","136.590","137.400","136.210","-0.17"
"Aug 08, 2012","137.005","136.520","137.475","136.140","0.11"
"Aug 09, 2012","137.385","136.500","137.425","136.300","0.28"
"Aug 10, 2012","136.980","137.040","137.490","136.390","-0.29"
"Aug 13, 2012","136.850","136.550","137.280","136.240","-0.09"
"Aug 14, 2012","136.845","136.350","137.345","136.220","-0.00"
"Aug 15, 2012","136.905","136.350","137.115","136.240","0.04"
"Aug 16, 2012","137.020","136.470","137.220","136.100","0.08"
"Aug 17, 2012","137.165","136.710","137.305","136.320","0.11"
"Aug 20, 2012","137.065","136.850","137.455","136.240","-0.07"
"Aug 21, 2012","137.270","136.590","137.610","136.450","0.15"
"Aug 22, 2012","137.595","136.970","137.965","136.690","0.24"
"Aug 23, 2012","137.900","137.180","138.210","136.930","0.22"
"Aug 24, 2012","137.590","137.370","138.130","137.070","-0.22"
"Aug 27, 2012","137.810","137.350","138.170","137.140","0.16"
"Aug 28, 2012","138.175","137.450","138.475","137.080","0.26"
"Aug 29, 2012","138.145","137.740","138.595","137.610","-0.02"
"Aug 30, 2012","138.300","137.720","138.600","137.640","0.11"
"Aug 31, 2012","138.220","137.850","138.660","137.610","-0.06"
"Sep 03, 2012","137.920","137.880","138.410","137.440","-0.22"
"Sep 04, 2012","138.135","137.490","138.315","137.340","0.16"
"Sep 05, 2012","137.975","137.760","138.185","137.230","-0.12"
"Sep 06, 2012","138.075","137.620","138.365","137.160","0.07"
"Sep 07, 2012","138.355","137.670","138.355","137.380","0.20"
"Sep 10, 2012","137.640","137.880","138.500","137.160","-0.52"
"Sep 11, 2012","137.935","137.220","138.355","137.170","0.21"
"Sep 12, 2012","138.480","137.620","138.800","137.560","0.40"
"Sep 13, 2012","138.805","138.030","138.995","137.620","0.23"
"Sep 14, 2012","138.630","138.360","139.550","137.850","-0.13"
"Sep 17, 2012","138.865","138.160","139.235","137.910","0.17"
"Sep 18, 2012","138.810","138.550","139.310","138.180","-0.04"
"Sep 19, 2012","139.050","138.590","139.680","138.450","0.17"
"Sep 20, 2012","139.590","138.590","139.700","137.800","0.39"
"Sep 21, 2012","139.270","139.170","139.900","138.760","-0.23"
"Sep 24, 2012","139.925","138.960","140.005","138.430","0.47"
"Sep 25, 2012","139.645","139.580","140.285","138.950","-0.20"
"Sep 26, 2012","140.415","139.280","140.655","138.760","0.55"
"Sep 27, 2012","140.455","139.920","140.915","139.780","0.03"
"Sep 28, 2012","140.195","139.920","140.915","139.330","-0.19"
"Oct 01, 2012","140.020","139.570","140.430","139.090","-0.12"
"Oct 02, 2012","139.580","139.470","140.260","138.890","-0.31"
"Oct 03, 2012","139.340","139.040","139.780","138.540","-0.17"
"Oct 04, 2012","139.805","138.890","140.275","138.610","0.33"
"Oct 05, 2012","139.560","139.150","140.290","138.840","-0.18"
"Oct 08, 2012","139.845","138.930","140.265","138.400","0.20"
"Oct 09, 2012","139.765","139.320","140.015","139.190","-0.06"
"Oct 10, 2012","139.410","139.460","140.150","138.980","-0.25"
"Oct 11, 2012","139.740","139.030","139.990","138.630","0.24"
"Oct 12, 2012","139.745","139.430","140.095","139.180","0.00"
"Oct 15, 2012","139.550","139.400","139.970","138.690","-0.14"
"Oct 16, 2012","140.250","139.240","140.260","138.970","0.50"
"Oct 17, 2012","139.785","140.040","140.625","139.130","-0.33"
"Oct 18, 2012","139.320","139.490","139.950","138.760","-0.33"
"Oct 19, 2012","138.870","138.890","139.460","138.310","-0.32"
"Oct 22, 2012","139.515","138.450","139.855","138.330","0.46"
"Oct 23, 2012","139.810","139.210","140.110","138.940","0.21"
"Oct 24, 2012","139.820","139.300","139.970","139.120","0.01"
"Oct 25, 2012","139.445","139.450","140.415","139.010","-0.27"
"Oct 26, 2012","139.780","139.160","139.990","138.850","0.24"
"Oct 29, 2012","139.690","139.390","140.230","138.880","-0.06"
"Oct 30, 2012","139.745","139.060","140.055","138.890","0.04"
"Oct 31, 2012","139.705","139.440","140.145","139.220","-0.03"
"Nov 01, 2012","140.105","139.340","140.145","139.000","0.29"
"Nov 02, 2012","139.845","139.740","140.395","139.150","-0.19"
"Nov 05, 2012","139.960","139.170","140.030","139.100","0.08"
"Nov 06, 2012","139.835","139.670","140.045","139.220","-0.09"
"Nov 07, 2012","139.870","139.610","140.700","139.080","0.03"
"Nov 08, 2012","139.885","139.420","140.075","139.240","0.01"
"Nov 09, 2012","139.615","139.600","140.335","139.180","-0.19"
"Nov 12, 2012","139.660","139.330","140.070","139.110","0.03"
"Nov 13, 2012","139.165","139.210","139.935","138.730","-0.35"
"Nov 14, 2012","139.545","138.800","139.915","138.730","0.27"
"Nov 15, 2012","139.505","139.130","139.875","138.920","-0.03"
"Nov 16, 2012","139.785","139.050","139.875","138.930","0.20"
"Nov 19, 2012","139.535","139.530","140.155","138.840","-0.18"
"Nov 20, 2012","139.645","139.220","139.785","138.670","0.08"
"Nov 21, 2012","139.705","139.290","139.935","138.410","0.04"
"Nov 22, 2012","139.710","139.340","140.170","139.170","0.00"
"Nov 23, 2012","139.680","139.330","139.990","139.180","-0.02"
"Nov 26, 2012","139.880","139.210","140.130","139.000","0.14"
"Nov 27, 2012","139.940","139.500","140.160","139.310","0.04"
"Nov 28, 2012","139.965","139.540","140.045","139.430","0.02"
"Nov 29, 2012","139.980","139.490","140.040","139.420","0.01"
"Nov 30, 2012","139.850","139.480","140.210","139.300","-0.09"
"Dec 03, 2012","139.710","139.390","140.160","139.240","-0.10"
"Dec 04, 2012","139.795","139.410","140.125","139.280","0.06"
"Dec 05, 2012","139.800","139.360","140.080","139.290","0.00"
"Dec 06, 2012","139.940","139.480","140.060","139.120","0.10"
"Dec 07, 2012","139.710","139.580","140.100","138.950","-0.16"
"Dec 10, 2012","139.885","138.930","140.035","138.890","0.13"
"Dec 11, 2012","139.885","139.500","140.015","139.130","0.00"
"Dec 12, 2012","139.855","139.670","140.165","139.140","-0.02"
"Dec 13, 2012","139.655","139.640","140.235","139.130","-0.14"
"Dec 14, 2012","139.830","139.300","140.390","139.130","0.13"
"Dec 17, 2012","139.985","139.600","140.145","139.330","0.11"
"Dec 18, 2012","140.145","139.640","140.435","139.150","0.11"
"Dec 19, 2012","139.925","139.500","140.365","139.400","-0.16"
"Dec 20, 2012","139.965","139.500","140.015","139.060","0.03"
"Dec 21, 2012","139.895","139.800","140.225","139.220","-0.05"
"Dec 24, 2012","139.185","139.460","140.135","138.400","-0.51"
"Dec 25, 2012","139.200","138.800","139.330","138.700","0.01"
"Dec 26, 2012","139.725","138.760","139.915","138.490","0.38"
"Dec 27, 2012","140.000","139.010","140.110","138.900","0.20"
"Dec 28, 2012","139.550","139.560","140.380","138.490","-0.32"
"Dec 31, 2012","140.180","138.860","140.320","138.530","0.45"
"Jan 01, 2013","140.125","139.470","140.455","139.370","-0.04"
"Jan 02, 2013","140.435","139.590","141.305","139.110","0.22"
"Jan 03, 2013","138.910","139.720","140.220","138.490","-1.09"
"Jan 04, 2013","139.735","138.540","139.995","138.150","0.59"
"Jan 07, 2013","139.715","139.270","139.765","138.740","-0.01"
"Jan 08, 2013","139.920","139.370","140.030","139.030","0.15"
"Jan 09, 2013","139.790","139.420","140.100","139.120","-0.09"
"Jan 10, 2013","139.560","139.380","139.910","138.930","-0.16"
"Jan 11, 2013","139.300","139.150","139.970","138.820","-0.19"
"Jan 14, 2013","139.695","139.170","140.045","138.790","0.28"
"Jan 15, 2013","138.900","139.070","139.970","138.000","-0.57"
"Jan 16, 2013","139.545","138.230","139.775","137.880","0.46"
"Jan 17, 2013","139.580","138.850","139.700","138.290","0.03"
"Jan 18, 2013","139.465","139.190","139.735","138.640","-0.08"
"Jan 21, 2013","139.520","138.950","139.940","138.840","0.04"
"Jan 22, 2013","139.525","139.180","140.015","138.950","0.00"
"Jan 23, 2013","139.710","139.300","139.740","138.930","0.13"
"Jan 24, 2013","139.390","139.370","140.180","138.830","-0.23"
"Jan 25, 2013","139.360","138.900","139.650","138.820","-0.02"
"Jan 28, 2013","139.565","139.250","139.635","138.650","0.15"
"Jan 29, 2013","139.795","139.410","139.835","139.020","0.16"
"Jan 30, 2013","139.620","139.510","140.040","138.920","-0.13"
"Jan 31, 2013","140.135","139.330","140.165","139.070","0.37"
"Feb 01, 2013","139.740","139.440","140.520","139.070","-0.28"
"Feb 04, 2013","139.765","139.280","140.025","139.000","0.02"
"Feb 05, 2013","140.040","139.260","140.180","138.790","0.20"
"Feb 06, 2013","139.935","139.700","140.515","139.130","-0.07"
"Feb 07, 2013","139.835","139.250","140.115","139.070","-0.07"
"Feb 08, 2013","139.730","139.440","140.000","138.830","-0.08"
"Feb 11, 2013","140.115","139.340","140.585","139.140","0.28"
"Feb 12, 2013","139.830","139.390","140.120","139.020","-0.20"
"Feb 13, 2013","139.970","139.560","140.190","139.270","0.10"
"Feb 14, 2013","139.960","139.670","140.100","139.370","-0.01"
"Feb 15, 2013","139.865","139.690","140.185","139.180","-0.07"
"Feb 18, 2013","139.795","139.340","140.045","139.100","-0.05"
"Feb 19, 2013","139.875","139.580","140.215","139.240","0.06"
"Feb 20, 2013","139.770","139.370","140.120","139.170","-0.08"
"Feb 21, 2013","140.085","139.390","140.275","138.770","0.23"
"Feb 22, 2013","139.825","139.440","140.145","138.860","-0.19"
"Feb 25, 2013","138.155","139.800","140.535","137.320","-1.19"
"Feb 26, 2013","139.680","137.680","140.160","137.000","1.10"
"Feb 27, 2013","140.655","139.090","140.715","138.880","0.70"
"Feb 28, 2013","139.420","140.050","140.970","138.600","-0.88"
"Mar 01, 2013","139.945","138.720","140.185","138.600","0.38"
"Mar 04, 2013","140.310","139.480","140.320","138.950","0.26"
"Mar 05, 2013","139.995","139.770","140.555","138.930","-0.22"
"Mar 06, 2013","139.520","139.470","140.140","138.750","-0.34"
"Mar 07, 2013","139.525","139.100","139.855","138.970","0.00"
"Mar 08, 2013","139.865","139.240","140.075","138.980","0.24"
"Mar 11, 2013","140.010","139.580","140.220","139.110","0.10"
"Mar 12, 2013","140.340","139.680","140.460","139.040","0.24"
"Mar 13, 2013","139.805","139.730","140.375","139.190","-0.38"
"Mar 14, 2013","140.305","139.360","140.625","138.850","0.36"
"Mar 15, 2013","140.005","139.830","140.225","139.210","-0.21"
"Mar 18, 2013","140.230","138.010","140.410","137.760","0.16"
"Mar 19, 2013","140.030","139.720","140.560","139.270","-0.14"
"Mar 20, 2013","139.930","139.500","140.360","139.190","-0.07"
"Mar 21, 2013","140.020","139.410","140.470","139.330","0.06"
"Mar 22, 2013","139.975","139.520","140.485","139.330","-0.03"
"Mar 25, 2013","139.710","139.540","140.230","139.130","-0.19"
"Mar 26, 2013","139.825","139.340","140.225","139.260","0.08"
"Mar 27, 2013","140.200","139.560","140.540","139.200","0.27"
"Mar 28, 2013","139.780","139.520","140.270","139.200","-0.30"
"Mar 29, 2013","139.870","139.430","140.290","139.170","0.06"
"Apr 01, 2013","139.975","139.320","140.195","138.900","0.08"
"Apr 02, 2013","140.000","139.710","140.660","139.290","0.02"
"Apr 03, 2013","139.920","139.450","140.220","139.080","-0.06"
"Apr 04, 2013","140.750","139.630","140.930","139.360","0.59"
"Apr 05, 2013","139.680","140.340","140.740","139.370","-0.76"
"Apr 08, 2013","140.605","139.440","140.745","139.140","0.66"
"Apr 09, 2013","140.080","139.910","140.850","139.450","-0.37"
"Apr 10, 2013","140.535","139.690","140.855","139.600","0.32"
"Apr 11, 2013","139.995","139.870","140.485","139.570","-0.38"
"Apr 12, 2013","140.425","139.720","140.625","139.520","0.31"
"Apr 15, 2013","140.315","140.160","140.765","139.530","-0.08"
"Apr 16, 2013","140.955","139.810","141.185","139.660","0.46"
"Apr 17, 2013","140.185","140.640","141.075","139.490","-0.55"
"Apr 18, 2013","140.370","139.850","141.020","139.700","0.13"
"Apr 19, 2013","140.600","139.900","141.180","139.800","0.16"
"Apr 22, 2013","140.550","140.260","140.960","139.870","-0.04"
"Apr 23, 2013","140.260","140.050","140.750","139.770","-0.21"
"Apr 24, 2013","140.260","139.900","140.970","139.780","0.00"
"Apr 25, 2013","140.260","139.900","140.820","139.780","0.00"
"Apr 26, 2013","140.610","139.910","140.990","139.840","0.25"
"Apr 29, 2013","140.790","140.260","141.200","140.120","0.13"
"Apr 30, 2013","140.850","140.270","141.330","139.910","0.04"
"May 01, 2013","140.760","140.260","140.890","140.140","-0.06"
"May 02, 2013","140.930","140.260","141.400","139.970","0.12"
"May 03, 2013","140.930","140.260","141.330","139.980","0.00"
"May 06, 2013","140.930","140.260","141.320","139.980","0.00"
"May 07, 2013","140.925","140.240","141.245","140.140","-0.00"
"May 08, 2013","140.925","140.260","141.395","140.190","0.00"
"May 09, 2013","140.905","140.260","141.285","140.180","-0.01"
"May 10, 2013","140.925","140.390","141.475","140.130","0.01"
"May 13, 2013","141.400","140.240","141.460","139.950","0.34"
"May 14, 2013","140.990","140.840","141.840","140.290","-0.29"
"May 15, 2013","141.145","140.550","141.465","140.320","0.11"
"May 16, 2013","140.965","140.640","141.385","140.310","-0.13"
"May 17, 2013","141.325","140.590","141.615","140.250","0.26"
"May 20, 2013","141.685","140.510","141.835","140.440","0.25"
"May 21, 2013","141.075","141.110","141.925","140.450","-0.43"
"May 22, 2013","141.075","140.500","141.555","140.430","0.00"
"May 23, 2013","141.075","140.500","141.605","140.380","0.00"
"May 24, 2013","141.160","140.530","141.560","140.430","0.06"
"May 27, 2013","141.175","140.430","141.475","140.400","0.01"
"May 28, 2013","141.000","140.600","141.410","140.000","-0.12"
"May 29, 2013","140.665","140.430","141.145","139.890","-0.24"
"May 30, 2013","140.490","140.140","140.990","139.700","-0.12"
"May 31, 2013","140.485","139.930","141.005","139.720","-0.00"
"Jun 03, 2013","140.555","138.290","140.865","138.290","0.05"
"Jun 04, 2013","140.700","140.150","141.020","139.810","0.10"
"Jun 05, 2013","140.745","140.340","141.105","139.820","0.03"
"Jun 06, 2013","140.990","140.340","141.490","139.820","0.17"
"Jun 07, 2013","141.000","140.360","141.560","140.220","0.01"
"Jun 10, 2013","141.005","140.540","141.495","140.210","0.00"
"Jun 11, 2013","141.220","140.370","141.420","140.250","0.15"
"Jun 12, 2013","141.260","140.740","141.550","140.490","0.03"
"Jun 13, 2013","141.325","140.610","141.805","140.530","0.05"
"Jun 14, 2013","141.175","140.800","141.895","140.560","-0.11"
"Jun 17, 2013","141.395","140.560","141.635","140.510","0.16"
"Jun 18, 2013","141.305","141.000","141.735","140.750","-0.06"
"Jun 19, 2013","140.790","140.880","142.070","139.830","-0.36"
"Jun 20, 2013","141.615","140.190","141.845","139.550","0.59"
"Jun 21, 2013","141.335","141.230","142.025","140.580","-0.20"
"Jun 24, 2013","141.035","140.840","141.605","139.920","-0.21"
"Jun 25, 2013","140.640","140.370","141.230","139.890","-0.28"
"Jun 26, 2013","140.750","140.000","141.050","139.690","0.08"
"Jun 27, 2013","140.895","140.340","141.235","140.250","0.10"
"Jun 28, 2013","141.035","140.410","141.295","140.250","0.10"
"Jul 01, 2013","141.385","140.510","141.425","140.300","0.25"
"Jul 02, 2013","140.805","140.750","141.285","139.830","-0.41"
"Jul 03, 2013","140.445","140.350","140.825","139.940","-0.26"
"Jul 04, 2013","139.725","140.070","141.175","138.970","-0.51"
"Jul 05, 2013","139.830","139.000","140.630","138.720","0.08"
"Jul 08, 2013","139.865","139.200","140.365","139.030","0.03"
"Jul 09, 2013","140.150","139.440","140.520","139.160","0.20"
"Jul 10, 2013","140.940","139.640","141.010","139.510","0.56"
"Jul 11, 2013","140.455","140.500","143.375","139.760","-0.34"
"Jul 12, 2013","140.970","140.010","141.230","139.720","0.37"
"Jul 15, 2013","140.225","140.450","140.875","139.750","-0.53"
"Jul 16, 2013","140.630","139.990","140.730","139.780","0.29"
"Jul 17, 2013","140.680","140.300","140.930","139.780","0.04"
"Jul 18, 2013","140.765","140.410","140.855","139.920","0.06"
"Jul 19, 2013","140.330","140.440","141.180","139.850","-0.31"
"Jul 22, 2013","140.230","140.000","140.730","139.770","-0.07"
"Jul 23, 2013","140.365","139.820","140.605","139.610","0.10"
"Jul 24, 2013","140.590","139.950","140.880","139.590","0.16"
"Jul 25, 2013","141.530","139.910","141.730","139.660","0.67"
"Jul 26, 2013","140.590","140.990","141.640","139.660","-0.66"
"Jul 29, 2013","140.220","140.030","140.700","139.660","-0.26"
"Jul 30, 2013","140.355","139.760","140.445","139.670","0.10"
"Jul 31, 2013","140.040","140.110","140.640","139.350","-0.22"
"Aug 01, 2013","140.145","139.580","140.425","139.350","0.07"
"Aug 02, 2013","140.150","139.760","140.730","139.410","0.00"
"Aug 05, 2013","139.645","139.690","140.315","139.120","-0.36"
"Aug 06, 2013","139.650","139.160","140.310","139.110","0.00"
"Aug 07, 2013","139.915","139.170","140.395","139.120","0.19"
"Aug 08, 2013","139.910","139.470","140.120","139.340","-0.00"
"Aug 09, 2013","139.915","139.460","140.175","139.240","0.00"
"Aug 12, 2013","139.620","139.440","139.960","138.880","-0.21"
"Aug 13, 2013","139.755","139.160","140.105","139.050","0.10"
"Aug 14, 2013","140.250","139.310","140.500","139.100","0.35"
"Aug 15, 2013","140.985","139.560","141.135","139.290","0.52"
"Aug 16, 2013","140.660","140.470","141.180","139.390","-0.23"
"Aug 19, 2013","140.115","139.990","140.535","139.400","-0.39"
"Aug 20, 2013","140.115","139.780","140.445","139.530","0.00"
"Aug 21, 2013","140.110","139.760","140.520","139.460","-0.00"
"Aug 22, 2013","140.140","139.770","140.690","139.640","0.02"
"Aug 23, 2013","140.385","139.790","140.635","139.570","0.17"
"Aug 26, 2013","140.235","139.980","140.575","139.730","-0.11"
"Aug 27, 2013","140.305","139.820","140.335","139.600","0.05"
"Aug 28, 2013","140.265","140.150","140.685","139.580","-0.03"
"Aug 29, 2013","140.285","139.780","140.755","139.540","0.01"
"Aug 30, 2013","140.130","139.680","140.200","139.340","-0.11"
"Sep 02, 2013","139.770","139.930","140.480","139.200","-0.26"
"Sep 03, 2013","139.935","139.290","140.255","139.040","0.12"
"Sep 04, 2013","139.945","139.530","140.285","139.420","0.01"
"Sep 05, 2013","140.070","139.590","140.520","139.510","0.09"
"Sep 06, 2013","140.270","139.610","140.440","139.520","0.14"
"Sep 09, 2013","140.260","139.840","140.460","139.530","-0.01"
"Sep 10, 2013","140.260","139.920","140.490","139.540","0.00"
"Sep 11, 2013","140.255","139.920","140.485","139.630","-0.00"
"Sep 12, 2013","140.275","139.880","140.445","139.620","0.01"
"Sep 13, 2013","140.220","140.020","140.750","139.640","-0.04"
"Sep 16, 2013","140.305","139.770","140.705","139.710","0.06"
"Sep 17, 2013","140.410","139.920","140.750","139.890","0.07"
"Sep 18, 2013","140.420","140.060","140.790","139.910","0.01"
"Sep 19, 2013","140.845","140.080","141.225","140.010","0.30"
"Sep 20, 2013","140.985","140.430","141.485","140.370","0.10"
"Sep 23, 2013","141.070","140.530","141.220","140.370","0.06"
"Sep 24, 2013","141.175","140.860","141.335","140.400","0.07"
"Sep 25, 2013","141.165","140.810","141.325","140.480","-0.01"
"Sep 26, 2013","141.330","140.880","141.740","140.700","0.12"
"Sep 27, 2013","141.240","140.860","141.670","140.780","-0.06"
"Sep 30, 2013","141.330","140.440","141.660","140.320","0.06"
"Oct 01, 2013","141.550","141.000","142.090","140.740","0.16"
"Oct 02, 2013","141.690","141.060","141.960","140.900","0.10"
"Oct 03, 2013","141.585","141.120","141.915","140.940","-0.07"
"Oct 04, 2013","141.680","141.220","142.110","140.990","0.07"
"Oct 07, 2013","141.625","140.970","141.895","140.930","-0.04"
"Oct 08, 2013","141.455","141.240","141.915","141.040","-0.12"
"Oct 09, 2013","141.535","141.090","141.965","140.760","0.06"
"Oct 10, 2013","141.530","141.000","141.990","140.880","-0.00"
"Oct 11, 2013","141.265","141.010","141.755","140.670","-0.19"
"Oct 14, 2013","140.565","140.780","141.775","139.870","-0.50"
"Oct 15, 2013","140.170","140.010","140.670","139.160","-0.28"
"Oct 16, 2013","140.320","139.610","140.830","138.760","0.11"
"Oct 17, 2013","140.260","139.670","140.520","138.490","-0.04"
"Oct 18, 2013","141.040","139.870","141.080","139.710","0.56"
"Oct 21, 2013","140.795","140.420","141.125","139.850","-0.17"
"Oct 22, 2013","140.985","140.230","141.705","139.940","0.13"
"Oct 23, 2013","140.900","140.220","141.300","139.990","-0.06"
"Oct 24, 2013","140.625","140.300","141.215","139.840","-0.20"
"Oct 25, 2013","140.535","140.140","140.955","139.840","-0.06"
"Oct 28, 2013","140.535","140.020","140.825","139.710","0.00"
"Oct 29, 2013","140.410","140.040","140.640","139.590","-0.09"
"Oct 30, 2013","139.835","139.910","140.515","139.140","-0.41"
"Oct 31, 2013","140.220","139.540","140.630","139.070","0.28"
"Nov 01, 2013","140.185","139.690","140.295","139.430","-0.02"
"Nov 04, 2013","140.155","140.010","140.595","139.320","-0.02"
"Nov 05, 2013","140.165","139.720","140.385","139.260","0.01"
"Nov 06, 2013","140.090","139.780","140.510","139.500","-0.05"
"Nov 07, 2013","139.730","139.580","140.520","138.500","-0.26"
"Nov 08, 2013","140.000","139.160","140.240","138.810","0.19"
"Nov 11, 2013","139.925","139.490","140.305","139.210","-0.05"
"Nov 12, 2013","140.070","139.620","140.410","139.200","0.10"
"Nov 13, 2013","140.060","139.580","140.410","139.270","-0.01"
"Nov 14, 2013","140.180","139.650","140.630","139.450","0.09"
"Nov 15, 2013","140.320","139.670","140.520","139.610","0.10"
"Nov 18, 2013","140.185","139.790","140.705","139.600","-0.10"
"Nov 19, 2013","140.200","139.690","140.660","139.610","0.01"
"Nov 20, 2013","140.240","139.780","140.550","139.550","0.03"
"Nov 21, 2013","140.315","139.900","140.635","139.530","0.05"
"Nov 22, 2013","141.010","140.000","141.070","139.490","0.50"
"Nov 25, 2013","140.100","140.220","140.760","139.510","-0.65"
"Nov 26, 2013","140.165","139.690","140.535","139.600","0.05"
"Nov 27, 2013","140.375","139.780","140.565","139.660","0.15"
"Nov 28, 2013","140.650","140.000","140.780","139.820","0.20"
"Nov 29, 2013","140.485","140.260","140.855","139.950","-0.12"
"Dec 02, 2013","140.290","140.050","140.760","139.560","-0.14"
"Dec 03, 2013","140.175","139.870","140.635","139.790","-0.08"
"Dec 04, 2013","140.695","139.820","140.725","139.590","0.37"
"Dec 05, 2013","140.230","140.350","141.170","139.410","-0.33"
"Dec 06, 2013","140.515","139.880","140.565","139.690","0.20"
"Dec 09, 2013","140.305","140.430","141.005","139.830","-0.15"
"Dec 10, 2013","140.330","139.900","140.790","139.830","0.02"
"Dec 11, 2013","140.505","139.930","140.805","139.790","0.12"
"Dec 12, 2013","140.470","140.130","140.860","139.780","-0.02"
"Dec 13, 2013","140.590","140.070","140.830","140.020","0.09"
"Dec 16, 2013","140.605","140.210","140.735","140.040","0.01"
"Dec 17, 2013","140.540","140.370","140.930","140.050","-0.05"
"Dec 18, 2013","140.340","140.160","140.820","139.550","-0.14"
"Dec 19, 2013","140.320","139.990","140.640","139.620","-0.01"
"Dec 20, 2013","139.860","139.970","140.570","139.370","-0.33"
"Dec 23, 2013","139.665","139.360","140.205","139.020","-0.14"
"Dec 24, 2013","139.545","139.210","140.015","138.900","-0.09"
"Dec 25, 2013","139.575","139.080","139.685","138.990","0.02"
"Dec 26, 2013","139.760","139.120","140.120","138.940","0.13"
"Dec 27, 2013","139.995","139.310","140.535","139.190","0.17"
"Dec 30, 2013","140.220","139.480","140.480","139.320","0.16"
"Dec 31, 2013","140.520","139.750","141.060","139.560","0.21"
"Jan 01, 2014","140.600","139.860","140.750","139.800","0.06"
"Jan 02, 2014","140.145","139.950","140.855","138.660","-0.32"
"Jan 03, 2014","139.960","139.450","140.580","139.120","-0.13"
"Jan 06, 2014","140.300","139.410","140.730","139.230","0.24"
"Jan 07, 2014","140.485","139.800","140.855","139.700","0.13"
"Jan 08, 2014","140.985","140.030","141.185","139.910","0.36"
"Jan 09, 2014","140.695","140.360","141.115","140.080","-0.21"
"Jan 10, 2014","140.765","140.210","141.365","139.910","0.05"
"Jan 13, 2014","141.340","140.440","141.400","140.110","0.41"
"Jan 14, 2014","141.135","140.800","141.435","140.160","-0.15"
"Jan 15, 2014","140.740","140.540","141.100","140.000","-0.28"
"Jan 16, 2014","141.190","140.310","141.210","140.120","0.32"
"Jan 17, 2014","141.295","140.750","141.595","140.200","0.07"
"Jan 20, 2014","140.570","140.490","140.870","140.120","-0.51"
"Jan 21, 2014","140.625","140.310","140.835","140.010","0.04"
"Jan 22, 2014","141.030","140.260","141.040","139.810","0.29"
"Jan 23, 2014","140.615","140.470","141.035","139.970","-0.29"
"Jan 24, 2014","141.080","140.160","141.170","139.910","0.33"
"Jan 27, 2014","140.650","140.440","141.000","139.840","-0.30"
"Jan 28, 2014","140.650","140.270","141.190","140.090","0.00"
"Jan 29, 2014","141.205","140.220","141.235","139.820","0.39"
"Jan 30, 2014","140.375","140.570","141.095","139.830","-0.59"
"Jan 31, 2014","140.760","139.890","141.130","139.700","0.27"
"Feb 03, 2014","140.185","140.050","140.615","139.640","-0.41"
"Feb 04, 2014","140.320","139.760","140.770","139.540","0.10"
"Feb 05, 2014","140.555","139.760","140.655","139.620","0.17"
"Feb 06, 2014","140.455","140.070","140.715","139.640","-0.07"
"Feb 07, 2014","140.500","139.960","141.130","139.590","0.03"
"Feb 10, 2014","140.390","140.000","140.880","139.760","-0.08"
"Feb 11, 2014","140.575","140.000","140.955","139.890","0.13"
"Feb 12, 2014","140.525","140.010","140.825","139.660","-0.04"
"Feb 13, 2014","140.525","139.970","140.995","139.780","0.00"
"Feb 14, 2014","140.555","139.960","140.835","139.910","0.02"
"Feb 17, 2014","140.570","140.080","141.010","139.960","0.01"
"Feb 18, 2014","140.550","140.000","140.910","139.970","-0.01"
"Feb 19, 2014","140.250","140.060","140.800","139.840","-0.21"
"Feb 20, 2014","140.375","139.930","140.805","139.860","0.09"
"Feb 21, 2014","140.385","139.980","140.885","139.850","0.01"
"Feb 24, 2014","140.550","139.950","140.760","139.760","0.12"
"Feb 25, 2014","140.555","140.070","140.795","139.710","0.00"
"Feb 26, 2014","140.405","140.070","140.525","139.540","-0.11"
"Feb 27, 2014","140.075","140.080","140.625","139.510","-0.24"
"Feb 28, 2014","140.305","139.610","140.795","139.530","0.16"
"Mar 03, 2014","140.135","139.570","140.575","139.240","-0.12"
"Mar 04, 2014","140.115","139.600","140.415","139.500","-0.01"
"Mar 05, 2014","140.070","139.620","140.520","139.500","-0.03"
"Mar 06, 2014","140.425","139.640","140.555","139.480","0.25"
"Mar 07, 2014","140.725","140.150","140.975","139.680","0.21"
"Mar 10, 2014","140.350","140.270","140.910","139.750","-0.27"
"Mar 11, 2014","140.395","139.860","140.715","139.800","0.03"
"Mar 12, 2014","140.395","139.930","140.795","139.750","0.00"
"Mar 13, 2014","140.595","139.920","140.765","139.880","0.14"
"Mar 14, 2014","140.640","140.250","140.690","139.660","0.03"
"Mar 17, 2014","140.500","140.270","140.870","139.950","-0.10"
"Mar 18, 2014","140.420","140.010","140.800","139.900","-0.06"
"Mar 19, 2014","140.405","140.020","140.765","139.710","-0.01"
"Mar 20, 2014","140.500","140.040","140.870","139.620","0.07"
"Mar 21, 2014","140.140","140.020","140.850","139.580","-0.26"
"Mar 24, 2014","140.405","139.630","140.825","139.560","0.19"
"Mar 25, 2014","140.825","139.920","141.025","139.690","0.30"
"Mar 26, 2014","140.430","140.460","140.990","139.880","-0.28"
"Mar 27, 2014","140.290","139.980","140.620","139.850","-0.10"
"Mar 28, 2014","140.280","139.930","140.620","139.690","-0.01"
"Mar 31, 2014","140.015","139.950","140.815","139.200","-0.19"
"Apr 01, 2014","139.970","139.460","140.400","139.230","-0.03"
"Apr 02, 2014","139.755","139.430","140.225","139.100","-0.15"
"Apr 03, 2014","139.800","139.370","140.050","139.080","0.03"
"Apr 04, 2014","139.910","139.460","140.280","139.210","0.08"
"Apr 07, 2014","139.910","139.420","140.350","139.280","0.00"
"Apr 08, 2014","140.035","139.460","140.255","139.410","0.09"
"Apr 09, 2014","139.975","139.730","140.375","139.440","-0.04"
"Apr 10, 2014","140.790","139.580","140.810","139.440","0.58"
"Apr 11, 2014","140.215","140.250","140.795","139.640","-0.41"
"Apr 14, 2014","140.120","139.300","140.590","139.240","-0.07"
"Apr 15, 2014","140.005","139.680","140.405","139.550","-0.08"
"Apr 16, 2014","140.240","139.640","140.570","139.540","0.17"
"Apr 17, 2014","140.050","139.820","140.460","139.560","-0.14"
"Apr 18, 2014","139.945","139.710","140.325","139.460","-0.07"
"Apr 21, 2014","139.905","139.530","140.105","139.300","-0.03"
"Apr 22, 2014","139.950","139.690","140.200","139.370","0.03"
"Apr 23, 2014","140.000","139.630","140.300","139.470","0.04"
"Apr 24, 2014","140.055","139.610","140.395","139.490","0.04"
"Apr 25, 2014","139.955","139.680","140.285","139.510","-0.07"
"Apr 28, 2014","139.990","139.640","140.300","139.440","0.03"
"Apr 29, 2014","140.165","139.660","140.455","139.540","0.13"
"Apr 30, 2014","140.060","139.730","140.400","139.470","-0.07"
"May 01, 2014","140.080","139.690","140.280","139.640","0.01"
"May 02, 2014","140.115","139.720","140.625","139.360","0.02"
"May 05, 2014","140.140","139.680","140.550","139.540","0.02"
"May 06, 2014","140.170","139.700","140.560","139.500","0.02"
"May 07, 2014","140.215","139.730","140.545","139.660","0.03"
"May 08, 2014","140.140","139.770","140.480","139.570","-0.05"
"May 09, 2014","140.105","139.760","140.385","139.550","-0.02"
"May 12, 2014","140.350","139.480","140.400","139.460","0.17"
"May 13, 2014","140.345","139.970","140.495","139.440","-0.00"
"May 14, 2014","140.350","139.960","140.420","139.630","0.00"
"May 15, 2014","139.955","139.980","140.355","139.530","-0.28"
"May 16, 2014","139.890","139.630","140.470","139.430","-0.05"
"May 19, 2014","140.080","139.750","140.440","139.520","0.14"
"May 20, 2014","140.080","139.660","140.340","139.470","0.00"
"May 21, 2014","140.080","139.680","140.330","139.510","0.00"
"May 22, 2014","140.075","139.670","140.285","139.320","-0.00"
"May 23, 2014","140.080","139.690","140.180","139.350","0.00"
"May 26, 2014","140.080","139.600","140.230","139.270","0.00"
"May 27, 2014","140.085","139.670","140.295","139.390","0.00"
"May 28, 2014","140.075","139.660","140.275","139.240","-0.01"
"May 29, 2014","140.080","139.640","140.270","139.480","0.00"
"May 30, 2014","140.000","139.670","140.230","139.270","-0.06"
"Jun 02, 2014","139.935","139.630","140.235","139.170","-0.05"
"Jun 03, 2014","139.955","139.520","140.335","139.250","0.01"
"Jun 04, 2014","139.940","139.610","140.300","139.400","-0.01"
"Jun 05, 2014","139.925","139.580","140.355","139.380","-0.01"
"Jun 06, 2014","140.210","139.520","140.520","139.420","0.20"
"Jun 09, 2014","139.930","139.910","140.600","139.470","-0.20"
"Jun 10, 2014","139.940","139.520","140.460","139.460","0.01"
"Jun 11, 2014","139.930","139.520","140.500","139.460","-0.01"
"Jun 12, 2014","139.930","139.520","140.520","139.440","0.00"
"Jun 13, 2014","139.945","139.510","140.555","139.430","0.01"
"Jun 16, 2014","140.175","139.450","140.565","139.400","0.16"
"Jun 17, 2014","140.180","139.760","140.480","139.600","0.00"
"Jun 18, 2014","140.175","139.780","140.535","139.450","-0.00"
"Jun 19, 2014","140.175","139.780","140.685","139.710","0.00"
"Jun 20, 2014","140.585","139.770","140.675","139.710","0.29"
"Jun 23, 2014","140.175","140.010","140.675","139.620","-0.29"
"Jun 24, 2014","140.170","139.770","140.530","139.530","-0.00"
"Jun 25, 2014","140.085","139.790","140.575","139.610","-0.06"
"Jun 26, 2014","140.175","139.690","140.605","139.640","0.06"
"Jun 27, 2014","140.230","139.760","140.630","139.720","0.04"
"Jun 30, 2014","140.230","139.780","140.600","139.710","0.00"
"Jul 01, 2014","140.250","139.830","140.520","139.780","0.01"
"Jul 02, 2014","140.330","140.050","140.700","139.720","0.06"
"Jul 03, 2014","140.330","139.930","140.620","139.640","0.00"
"Jul 04, 2014","140.185","139.980","140.675","139.730","-0.10"
"Jul 07, 2014","140.180","139.770","140.660","139.550","-0.00"
"Jul 08, 2014","140.245","139.770","140.555","139.730","0.05"
"Jul 09, 2014","140.210","139.920","140.540","139.690","-0.02"
"Jul 10, 2014","140.185","139.780","140.595","139.710","-0.02"
"Jul 11, 2014","140.615","139.770","140.645","139.710","0.31"
"Jul 14, 2014","140.235","140.100","140.585","139.720","-0.27"
"Jul 15, 2014","140.260","139.830","140.330","139.750","0.02"
"Jul 16, 2014","140.335","140.090","140.635","139.720","0.05"
"Jul 17, 2014","140.140","139.850","140.410","139.670","-0.14"
"Jul 18, 2014","140.080","139.780","140.340","139.560","-0.04"
"Jul 21, 2014","139.915","139.720","140.365","139.390","-0.12"
"Jul 22, 2014","139.745","139.490","140.245","139.160","-0.12"
"Jul 23, 2014","139.535","139.370","140.245","139.000","-0.15"
"Jul 24, 2014","139.530","139.120","139.790","138.850","-0.00"
"Jul 25, 2014","139.535","139.130","139.775","138.880","0.00"
"Jul 28, 2014","139.475","139.120","139.655","139.010","-0.04"
"Jul 29, 2014","139.530","139.090","139.580","138.540","0.04"
"Jul 30, 2014","138.945","139.120","139.655","138.280","-0.42"
"Jul 31, 2014","138.945","138.470","139.615","138.410","0.00"
"Aug 01, 2014","139.530","138.520","139.700","138.450","0.42"
"Aug 04, 2014","139.115","139.080","139.585","138.490","-0.30"
"Aug 05, 2014","139.105","138.680","139.635","138.410","-0.01"
"Aug 06, 2014","139.845","138.670","139.995","138.630","0.53"
"Aug 07, 2014","139.585","139.440","140.035","139.010","-0.19"
"Aug 08, 2014","139.530","139.140","140.010","139.010","-0.04"
"Aug 11, 2014","139.310","139.100","139.820","138.630","-0.16"
"Aug 12, 2014","139.115","138.940","139.505","138.360","-0.14"
"Aug 13, 2014","139.090","138.690","139.630","138.360","-0.02"
"Aug 14, 2014","139.145","138.500","139.695","138.400","0.04"
"Aug 15, 2014","139.135","138.680","139.715","138.540","-0.01"
"Aug 18, 2014","139.110","138.590","139.690","138.480","-0.02"
"Aug 19, 2014","139.115","138.670","139.845","138.570","0.00"
"Aug 20, 2014","139.110","138.670","139.790","138.570","-0.00"
"Aug 21, 2014","139.115","138.650","139.745","138.610","0.00"
"Aug 22, 2014","139.385","138.680","139.645","138.610","0.19"
"Aug 25, 2014","139.315","138.790","139.695","138.410","-0.05"
"Aug 26, 2014","139.310","138.860","139.710","138.810","-0.00"
"Aug 27, 2014","139.310","138.980","139.680","138.800","0.00"
"Aug 28, 2014","139.365","138.870","139.805","138.680","0.04"
"Aug 29, 2014","139.290","138.880","139.740","138.840","-0.05"
"Sep 01, 2014","139.360","139.040","139.810","138.830","0.05"
"Sep 02, 2014","139.410","138.930","139.830","138.820","0.04"
"Sep 03, 2014","139.415","138.940","139.935","138.870","0.00"
"Sep 04, 2014","139.705","138.930","140.055","138.740","0.21"
"Sep 05, 2014","139.710","139.250","140.160","139.150","0.00"
"Sep 08, 2014","140.145","139.190","140.625","139.040","0.31"
"Sep 09, 2014","140.315","139.660","140.725","139.440","0.12"
"Sep 10, 2014","140.280","139.840","140.720","139.440","-0.02"
"Sep 11, 2014","140.310","139.870","140.630","139.550","0.02"
"Sep 12, 2014","140.155","139.900","140.485","139.560","-0.11"
"Sep 15, 2014","140.130","139.940","140.540","139.470","-0.02"
"Sep 16, 2014","140.115","139.640","140.445","139.500","-0.01"
"Sep 17, 2014","139.980","139.660","140.470","139.100","-0.10"
"Sep 18, 2014","140.100","139.570","140.550","139.240","0.09"
"Sep 19, 2014","140.120","139.650","140.520","139.390","0.01"
"Sep 22, 2014","140.115","139.650","140.545","139.440","-0.00"
"Sep 23, 2014","140.160","139.670","140.490","139.450","0.03"
"Sep 24, 2014","140.120","139.750","140.520","139.230","-0.03"
"Sep 25, 2014","140.065","139.670","140.735","139.250","-0.04"
"Sep 26, 2014","140.100","139.420","140.430","139.270","0.02"
"Sep 29, 2014","140.060","139.710","140.420","139.480","-0.03"
"Sep 30, 2014","139.925","139.600","140.415","139.140","-0.10"
"Oct 01, 2014","139.915","139.470","140.325","139.330","-0.01"
"Oct 02, 2014","139.905","139.450","140.325","139.370","-0.01"
"Oct 03, 2014","139.915","139.470","140.325","138.820","0.01"
"Oct 06, 2014","139.715","139.370","140.225","139.150","-0.14"
"Oct 07, 2014","139.715","139.260","140.135","139.150","0.00"
"Oct 08, 2014","139.595","139.260","139.915","139.160","-0.09"
"Oct 09, 2014","139.670","139.350","140.190","139.130","0.05"
"Oct 10, 2014","139.645","139.220","139.975","138.990","-0.02"
"Oct 13, 2014","140.760","139.300","140.860","138.990","0.80"
"Oct 14, 2014","139.735","140.260","140.935","138.670","-0.73"
"Oct 15, 2014","139.635","139.250","139.785","138.080","-0.07"
"Oct 16, 2014","139.045","139.130","139.745","138.410","-0.42"
"Oct 17, 2014","139.555","138.550","139.965","138.500","0.37"
"Oct 20, 2014","139.445","139.050","139.855","138.510","-0.08"
"Oct 21, 2014","139.245","138.940","139.745","138.510","-0.14"
"Oct 22, 2014","138.985","138.770","139.585","138.400","-0.19"
"Oct 23, 2014","139.245","138.500","139.615","138.310","0.19"
"Oct 24, 2014","139.090","138.740","139.540","138.530","-0.11"
"Oct 27, 2014","139.150","138.860","139.710","138.600","0.04"
"Oct 28, 2014","139.285","138.910","139.535","138.590","0.10"
"Oct 29, 2014","139.145","138.980","139.705","138.480","-0.10"
"Oct 30, 2014","139.145","139.000","139.765","138.520","0.00"
"Oct 31, 2014","139.150","138.670","139.700","138.520","0.00"
"Nov 03, 2014","139.140","138.580","139.620","137.760","-0.01"
"Nov 04, 2014","139.150","138.650","139.600","138.570","0.01"
"Nov 05, 2014","139.145","138.670","139.665","138.580","-0.00"
"Nov 06, 2014","139.250","138.660","139.570","138.290","0.08"
"Nov 07, 2014","139.185","138.830","139.605","138.510","-0.05"
"Nov 10, 2014","139.200","138.820","139.620","138.610","0.01"
"Nov 11, 2014","139.195","138.880","139.595","138.810","-0.00"
"Nov 12, 2014","139.505","138.870","139.785","138.510","0.22"
"Nov 13, 2014","139.700","139.180","139.980","138.620","0.14"
"Nov 14, 2014","139.505","139.370","140.395","138.940","-0.14"
"Nov 17, 2014","139.970","139.050","140.250","138.910","0.33"
"Nov 18, 2014","140.255","139.550","140.795","139.350","0.20"
"Nov 19, 2014","140.325","139.710","140.625","139.530","0.05"
"Nov 20, 2014","140.265","139.970","140.655","139.570","-0.04"
"Nov 21, 2014","140.305","139.810","140.615","139.390","0.03"
"Nov 24, 2014","139.820","139.480","140.280","139.160","-0.35"
"Nov 25, 2014","140.245","139.470","140.505","139.190","0.30"
"Nov 26, 2014","140.225","139.810","140.495","139.410","-0.01"
"Nov 27, 2014","140.255","139.870","140.375","139.430","0.02"
"Nov 28, 2014","140.365","139.930","140.385","139.480","0.08"
"Dec 01, 2014","140.170","140.070","140.460","139.410","-0.14"
"Dec 02, 2014","140.120","139.680","140.520","139.460","-0.04"
"Dec 03, 2014","140.285","139.730","140.545","139.450","0.12"
"Dec 04, 2014","140.080","139.850","140.520","139.210","-0.15"
"Dec 05, 2014","140.140","139.720","140.470","139.010","0.04"
"Dec 08, 2014","140.505","139.640","140.755","139.270","0.26"
"Dec 09, 2014","140.195","139.970","140.695","139.580","-0.22"
"Dec 10, 2014","140.190","139.750","140.500","139.520","-0.00"
"Dec 11, 2014","140.040","139.770","141.000","139.530","-0.11"
"Dec 12, 2014","140.305","139.660","140.585","139.580","0.19"
"Dec 15, 2014","140.170","139.900","140.530","139.570","-0.10"
"Dec 16, 2014","140.285","139.830","140.495","139.630","0.08"
"Dec 17, 2014","140.270","139.980","140.640","139.600","-0.01"
"Dec 18, 2014","140.250","139.890","140.630","139.690","-0.01"
"Dec 19, 2014","140.270","139.880","140.570","139.430","0.01"
"Dec 22, 2014","139.975","139.870","140.605","139.360","-0.21"
"Dec 23, 2014","140.080","139.590","140.540","139.410","0.08"
"Dec 24, 2014","139.925","139.650","140.325","139.250","-0.11"
"Dec 25, 2014","139.950","139.560","140.120","139.460","0.02"
"Dec 26, 2014","139.930","139.590","140.210","139.220","-0.01"
"Dec 29, 2014","139.930","139.620","140.340","139.240","0.00"
"Dec 30, 2014","139.950","139.510","140.320","139.150","0.01"
"Dec 31, 2014","139.920","139.490","140.440","139.390","-0.02"
"Jan 01, 2015","139.985","139.430","140.015","139.360","0.05"
"Jan 02, 2015","138.660","139.490","140.080","138.050","-0.95"
"Jan 05, 2015","140.265","138.130","140.515","136.740","1.16"
"Jan 06, 2015","140.255","139.660","140.565","139.430","-0.01"
"Jan 07, 2015","140.250","139.670","140.580","139.490","-0.00"
"Jan 08, 2015","140.140","139.640","140.460","139.550","-0.08"
"Jan 09, 2015","140.130","139.760","140.490","139.470","-0.01"
"Jan 12, 2015","140.250","139.710","140.770","139.440","0.09"
"Jan 13, 2015","140.260","139.660","140.780","139.440","0.01"
"Jan 14, 2015","140.030","139.690","140.610","139.500","-0.16"
"Jan 15, 2015","140.030","139.680","141.150","139.330","0.00"
"Jan 16, 2015","140.180","139.620","140.700","139.380","0.11"
"Jan 19, 2015","140.235","139.520","140.645","139.450","0.04"
"Jan 20, 2015","140.220","139.850","140.700","139.450","-0.01"
"Jan 21, 2015","140.230","139.790","140.650","139.520","0.01"
"Jan 22, 2015","139.640","139.800","140.930","138.730","-0.42"
"Jan 23, 2015","139.850","138.920","140.700","138.610","0.15"
"Jan 26, 2015","139.790","138.930","140.200","137.860","-0.04"
"Jan 27, 2015","139.785","139.240","140.275","138.920","-0.00"
"Jan 28, 2015","139.900","139.260","140.350","139.000","0.08"
"Jan 29, 2015","139.700","139.250","140.330","139.000","-0.14"
"Jan 30, 2015","139.675","139.080","140.195","139.000","-0.02"
"Feb 02, 2015","139.765","139.110","140.175","138.960","0.06"
"Feb 03, 2015","139.905","139.260","140.345","139.170","0.10"
"Feb 04, 2015","139.620","139.300","140.470","138.780","-0.20"
"Feb 05, 2015","140.095","139.120","140.585","138.620","0.34"
"Feb 06, 2015","140.110","139.590","140.620","138.910","0.01"
"Feb 09, 2015","140.170","139.640","140.590","139.250","0.04"
"Feb 10, 2015","140.160","139.690","140.650","139.450","-0.01"
"Feb 11, 2015","140.115","139.690","140.725","139.520","-0.03"
"Feb 12, 2015","140.150","139.650","140.790","139.580","0.02"
"Feb 13, 2015","140.155","139.660","140.815","139.610","0.00"
"Feb 16, 2015","140.490","139.620","140.940","139.560","0.24"
"Feb 17, 2015","140.500","139.810","141.120","139.710","0.01"
"Feb 18, 2015","140.475","139.840","141.125","139.780","-0.02"
"Feb 19, 2015","140.590","140.110","140.990","139.880","0.08"
"Feb 20, 2015","140.515","140.160","141.165","139.630","-0.05"
"Feb 23, 2015","140.390","140.120","140.980","139.600","-0.09"
"Feb 24, 2015","140.270","139.640","140.780","139.570","-0.09"
"Feb 25, 2015","140.270","139.650","140.730","139.620","0.00"
"Feb 26, 2015","140.370","139.800","140.810","139.700","0.07"
"Feb 27, 2015","140.425","139.880","140.785","139.600","0.04"
"Mar 02, 2015","140.405","139.860","140.755","139.510","-0.01"
"Mar 03, 2015","140.410","139.930","140.840","139.750","0.00"
"Mar 04, 2015","140.415","139.920","140.755","139.710","0.00"
"Mar 05, 2015","140.420","139.920","140.800","139.520","0.00"
"Mar 06, 2015","139.895","139.960","140.695","138.900","-0.37"
"Mar 09, 2015","140.320","139.270","140.750","139.160","0.30"
"Mar 10, 2015","140.315","139.840","140.805","139.200","-0.00"
"Mar 11, 2015","140.410","139.830","140.880","139.590","0.07"
"Mar 12, 2015","140.500","139.920","141.190","139.730","0.06"
"Mar 13, 2015","140.450","140.030","140.990","139.540","-0.04"
"Mar 16, 2015","140.410","139.960","141.220","139.480","-0.03"
"Mar 17, 2015","140.430","139.900","141.040","139.730","0.01"
"Mar 18, 2015","142.340","139.950","143.990","139.840","1.36"
"Mar 19, 2015","140.950","142.050","143.050","139.890","-0.98"
"Mar 20, 2015","140.435","140.590","141.565","139.830","-0.37"
"Mar 23, 2015","140.415","140.140","141.225","139.240","-0.01"
"Mar 24, 2015","140.440","139.930","140.980","139.710","0.02"
"Mar 25, 2015","140.435","139.950","141.025","139.800","-0.00"
"Mar 26, 2015","140.400","139.920","140.900","139.810","-0.02"
"Mar 27, 2015","140.390","139.950","140.870","139.760","-0.01"
"Mar 30, 2015","140.390","139.900","140.860","139.470","0.00"
"Mar 31, 2015","140.385","139.910","140.805","139.750","-0.00"
"Apr 01, 2015","140.430","139.930","140.910","139.620","0.03"
"Apr 02, 2015","140.415","139.950","140.895","139.750","-0.01"
"Apr 03, 2015","140.415","139.910","141.525","139.710","0.00"
"Apr 06, 2015","139.770","140.080","141.220","139.250","-0.46"
"Apr 07, 2015","140.420","139.380","140.850","139.270","0.47"
"Apr 08, 2015","140.205","139.940","140.845","139.840","-0.15"
"Apr 09, 2015","140.375","140.080","140.715","139.670","0.12"
"Apr 10, 2015","140.400","140.020","140.590","139.590","0.02"
"Apr 13, 2015","140.125","140.030","140.595","138.960","-0.20"
"Apr 14, 2015","140.360","139.770","140.840","139.300","0.17"
"Apr 15, 2015","140.825","139.870","141.035","139.580","0.33"
"Apr 16, 2015","139.960","140.310","141.650","139.380","-0.61"
"Apr 17, 2015","140.980","139.450","141.210","139.320","0.73"
"Apr 20, 2015","139.855","140.710","141.315","139.130","-0.80"
"Apr 21, 2015","140.240","139.300","140.500","138.450","0.28"
"Apr 22, 2015","140.115","139.760","140.425","139.360","-0.09"
"Apr 23, 2015","140.140","139.620","140.510","139.180","0.02"
"Apr 24, 2015","140.740","139.630","140.840","139.330","0.43"
"Apr 27, 2015","140.075","140.060","140.725","139.450","-0.47"
"Apr 28, 2015","140.405","139.670","140.855","139.310","0.24"
"Apr 29, 2015","140.425","139.930","141.035","139.610","0.01"
"Apr 30, 2015","140.585","139.910","140.985","139.320","0.11"
"May 01, 2015","140.570","140.080","141.150","139.520","-0.01"
"May 04, 2015","140.370","140.090","140.880","139.780","-0.14"
"May 05, 2015","140.425","139.900","140.915","139.840","0.04"
"May 06, 2015","140.650","139.920","140.990","139.840","0.16"
"May 07, 2015","140.575","140.110","140.975","139.840","-0.05"
"May 08, 2015","140.175","140.140","141.375","139.640","-0.28"
"May 11, 2015","140.615","139.650","141.075","138.850","0.31"
"May 12, 2015","140.980","140.160","141.210","140.060","0.26"
"May 13, 2015","140.970","140.530","141.330","140.200","-0.01"
"May 14, 2015","141.080","140.530","141.480","140.340","0.08"
"May 15, 2015","141.120","140.640","141.540","140.330","0.03"
"May 18, 2015","140.625","140.680","141.445","139.970","-0.35"
"May 19, 2015","141.170","140.180","141.490","139.720","0.39"
"May 20, 2015","141.185","140.670","141.815","139.700","0.01"
"May 21, 2015","140.965","140.760","141.735","140.330","-0.16"
"May 22, 2015","141.120","140.460","141.690","140.150","0.11"
"May 25, 2015","141.005","140.450","141.375","139.960","-0.08"
"May 26, 2015","141.170","140.620","141.490","140.320","0.12"
"May 27, 2015","141.130","140.630","141.570","140.240","-0.03"
"May 28, 2015","141.160","140.590","141.700","140.350","0.02"
"May 29, 2015","140.850","140.610","141.240","140.190","-0.22"
"Jun 01, 2015","141.065","140.570","141.435","139.840","0.15"
"Jun 02, 2015","141.035","140.620","141.415","140.210","-0.02"
"Jun 03, 2015","140.920","140.580","141.420","140.290","-0.08"
"Jun 04, 2015","140.955","140.700","141.375","140.400","0.02"
"Jun 05, 2015","140.850","140.570","141.320","139.360","-0.07"
"Jun 08, 2015","140.915","140.480","141.595","140.070","0.05"
"Jun 09, 2015","140.985","140.570","141.325","140.330","0.05"
"Jun 10, 2015","141.060","140.640","141.580","140.460","0.05"
"Jun 11, 2015","141.070","140.600","141.560","140.420","0.01"
"Jun 12, 2015","141.075","140.590","141.625","140.390","0.00"
"Jun 15, 2015","141.070","140.050","141.520","139.590","-0.00"
"Jun 16, 2015","140.990","140.820","141.390","140.350","-0.06"
"Jun 17, 2015","141.775","140.510","141.825","139.800","0.56"
"Jun 18, 2015","140.895","141.250","142.205","139.820","-0.62"
"Jun 19, 2015","141.060","140.430","141.230","140.250","0.12"
"Jun 22, 2015","140.765","140.830","141.805","139.330","-0.21"
"Jun 23, 2015","140.340","140.290","141.150","138.930","-0.30"
"Jun 24, 2015","140.630","139.810","141.030","139.630","0.21"
"Jun 25, 2015","140.610","140.140","140.980","139.940","-0.01"
"Jun 26, 2015","140.105","140.150","140.965","139.110","-0.36"
"Jun 29, 2015","140.965","137.980","141.505","136.960","0.61"
"Jun 30, 2015","140.045","140.550","141.275","139.010","-0.65"
"Jul 01, 2015","140.325","139.470","140.805","139.350","0.20"
"Jul 02, 2015","140.305","139.840","141.075","139.360","-0.01"
"Jul 03, 2015","140.315","139.840","140.755","139.380","0.01"
"Jul 06, 2015","140.120","138.420","140.550","138.010","-0.14"
"Jul 07, 2015","139.800","139.630","140.330","139.270","-0.23"
"Jul 08, 2015","139.825","139.330","140.235","139.100","0.02"
"Jul 09, 2015","139.835","139.360","140.265","139.080","0.01"
"Jul 10, 2015","139.820","139.370","140.420","139.080","-0.01"
"Jul 13, 2015","140.115","138.580","140.505","138.410","0.21"
"Jul 14, 2015","140.215","139.650","140.805","139.460","0.07"
"Jul 15, 2015","140.030","139.750","140.470","139.560","-0.13"
"Jul 16, 2015","139.695","139.670","140.505","139.200","-0.24"
"Jul 17, 2015","139.365","139.230","139.985","138.780","-0.24"
"Jul 20, 2015","139.630","138.960","139.920","138.690","0.19"
"Jul 21, 2015","139.250","139.370","140.210","138.380","-0.27"
"Jul 22, 2015","139.695","138.620","139.875","138.470","0.32"
"Jul 23, 2015","139.485","139.080","140.185","138.870","-0.15"
"Jul 24, 2015","139.600","138.930","140.150","138.780","0.08"
"Jul 27, 2015","139.500","138.890","140.320","138.770","-0.07"
"Jul 28, 2015","139.585","139.000","140.015","138.780","0.06"
"Jul 29, 2015","139.500","139.030","140.170","138.590","-0.06"
"Jul 30, 2015","139.455","138.950","140.165","138.770","-0.03"
"Jul 31, 2015","139.650","138.910","140.580","138.810","0.14"
"Aug 03, 2015","139.595","138.850","140.005","138.790","-0.04"
"Aug 04, 2015","139.600","139.100","140.010","138.880","0.00"
"Aug 05, 2015","139.560","139.040","140.280","138.740","-0.03"
"Aug 06, 2015","139.545","139.060","140.045","138.920","-0.01"
"Aug 07, 2015","139.580","139.010","140.230","138.530","0.03"
"Aug 10, 2015","139.555","139.060","139.985","138.830","-0.02"
"Aug 11, 2015","139.540","139.010","140.000","138.930","-0.01"
"Aug 12, 2015","139.540","139.040","140.030","138.910","0.00"
"Aug 13, 2015","139.650","139.040","140.250","138.960","0.08"
"Aug 14, 2015","139.720","139.220","140.120","139.040","0.05"
"Aug 17, 2015","139.555","139.190","140.085","138.880","-0.12"
"Aug 18, 2015","139.490","138.990","139.970","138.890","-0.05"
"Aug 19, 2015","139.515","138.950","140.015","138.870","0.02"
"Aug 20, 2015","139.535","139.170","140.015","138.820","0.01"
"Aug 21, 2015","139.560","139.040","139.930","138.750","0.02"
"Aug 24, 2015","139.555","138.670","140.855","138.670","-0.00"
"Aug 25, 2015","139.820","139.200","140.220","138.710","0.19"
"Aug 26, 2015","139.720","139.270","140.520","138.930","-0.07"
"Aug 27, 2015","139.640","139.140","140.130","138.900","-0.06"
"Aug 28, 2015","139.660","139.190","140.230","138.990","0.01"
"Aug 31, 2015","139.760","139.030","140.730","138.850","0.07"
"Sep 01, 2015","139.710","139.140","140.680","139.050","-0.04"
"Sep 02, 2015","139.720","139.090","140.350","139.040","0.01"
"Sep 03, 2015","139.865","139.120","140.395","138.760","0.10"
"Sep 04, 2015","139.790","139.370","140.510","139.030","-0.05"
"Sep 07, 2015","139.690","139.360","140.210","138.950","-0.07"
"Sep 08, 2015","139.685","139.140","140.215","139.050","-0.00"
"Sep 09, 2015","139.680","139.290","140.180","139.040","-0.00"
"Sep 10, 2015","139.690","139.090","140.070","138.990","0.01"
"Sep 11, 2015","140.185","139.200","140.325","138.950","0.35"
"Sep 14, 2015","139.735","139.690","140.705","138.870","-0.32"
"Sep 15, 2015","139.680","139.070","140.140","138.830","-0.04"
"Sep 16, 2015","139.670","139.110","140.120","138.830","-0.01"
"Sep 17, 2015","139.635","139.110","140.075","138.560","-0.03"
"Sep 18, 2015","139.550","139.040","140.040","138.490","-0.06"
"Sep 21, 2015","139.720","138.720","140.010","138.430","0.12"
"Sep 22, 2015","139.305","138.840","139.815","138.480","-0.30"
"Sep 23, 2015","139.130","138.730","139.590","138.390","-0.13"
"Sep 24, 2015","139.075","138.550","139.355","138.440","-0.04"
"Sep 25, 2015","139.085","138.490","139.795","138.340","0.01"
"Sep 28, 2015","139.360","138.500","139.840","138.140","0.20"
"Sep 29, 2015","139.325","138.810","139.925","138.680","-0.03"
"Sep 30, 2015","139.440","138.790","139.870","138.680","0.08"
"Oct 01, 2015","139.435","138.910","139.965","138.810","-0.00"
"Oct 02, 2015","139.475","138.930","140.595","138.840","0.03"
"Oct 05, 2015","139.425","139.110","139.945","138.690","-0.04"
"Oct 06, 2015","139.370","138.880","139.770","138.790","-0.04"
"Oct 07, 2015","139.465","139.000","139.875","138.860","0.07"
"Oct 08, 2015","139.485","138.940","139.985","138.740","0.01"
"Oct 09, 2015","139.450","138.990","140.020","138.820","-0.03"
"Oct 12, 2015","139.420","138.920","140.250","138.860","-0.02"
"Oct 13, 2015","139.815","138.960","140.415","138.860","0.28"
"Oct 14, 2015","140.220","139.190","140.690","139.160","0.29"
"Oct 15, 2015","139.870","139.730","140.630","139.240","-0.25"
"Oct 16, 2015","139.900","139.280","140.740","139.260","0.02"
"Oct 19, 2015","139.630","139.380","140.220","138.820","-0.19"
"Oct 20, 2015","139.785","139.160","140.325","138.890","0.11"
"Oct 21, 2015","139.725","139.240","140.135","138.980","-0.04"
"Oct 22, 2015","139.725","139.210","140.095","138.670","0.00"
"Oct 23, 2015","139.740","139.230","140.020","138.710","0.01"
"Oct 26, 2015","139.260","139.080","140.140","138.510","-0.34"
"Oct 27, 2015","139.180","138.710","139.670","138.400","-0.06"
"Oct 28, 2015","139.260","138.610","139.620","137.950","0.06"
"Oct 29, 2015","139.175","138.780","139.575","138.430","-0.06"
"Oct 30, 2015","139.165","138.650","139.775","138.460","-0.01"
"Nov 02, 2015","139.270","138.860","139.800","138.450","0.08"
"Nov 03, 2015","139.305","138.710","139.625","138.580","0.03"
"Nov 04, 2015","139.015","138.790","139.595","138.120","-0.21"
"Nov 05, 2015","138.850","138.460","139.180","138.230","-0.12"
"Nov 06, 2015","138.740","138.410","139.130","136.840","-0.08"
"Nov 09, 2015","138.425","138.200","139.335","137.690","-0.23"
"Nov 10, 2015","138.345","137.910","138.735","137.820","-0.06"
"Nov 11, 2015","138.685","137.940","139.025","137.810","0.25"
"Nov 12, 2015","138.785","138.060","139.035","137.680","0.07"
"Nov 13, 2015","138.820","138.110","138.830","137.600","0.03"
"Nov 16, 2015","138.085","138.050","139.095","136.980","-0.53"
"Nov 17, 2015","137.450","137.450","138.050","136.940","-0.46"
"Nov 18, 2015","137.560","137.080","137.730","136.620","0.08"
"Nov 19, 2015","137.150","137.130","138.600","136.370","-0.30"
"Nov 20, 2015","136.405","136.430","137.755","135.520","-0.54"
"Nov 23, 2015","137.020","135.720","137.280","135.140","0.45"
"Nov 24, 2015","137.190","136.470","137.820","136.160","0.12"
"Nov 25, 2015","138.170","136.490","138.350","136.360","0.71"
"Nov 26, 2015","138.110","137.820","138.770","137.040","-0.04"
"Nov 27, 2015","138.290","137.390","138.500","137.290","0.13"
"Nov 30, 2015","137.865","137.820","138.175","137.440","-0.31"
"Dec 01, 2015","138.395","137.620","138.475","137.360","0.38"
"Dec 02, 2015","138.390","138.020","138.610","137.140","-0.00"
"Dec 03, 2015","138.630","137.970","138.900","136.660","0.17"
"Dec 04, 2015","137.745","138.260","138.895","136.890","-0.64"
"Dec 07, 2015","137.850","137.060","138.650","136.810","0.08"
"Dec 08, 2015","138.265","137.120","138.355","137.030","0.30"
"Dec 09, 2015","138.805","137.900","138.855","137.070","0.39"
"Dec 10, 2015","137.965","138.540","139.245","137.200","-0.61"
"Dec 11, 2015","138.460","137.290","138.700","137.190","0.36"
"Dec 14, 2015","138.090","138.000","138.890","137.290","-0.27"
"Dec 15, 2015","137.960","137.400","138.480","137.250","-0.09"
"Dec 16, 2015","137.685","137.680","138.445","136.740","-0.20"
"Dec 17, 2015","137.865","137.410","138.605","136.350","0.13"
"Dec 18, 2015","137.740","137.170","138.410","136.800","-0.09"
"Dec 21, 2015","137.030","137.030","137.840","136.300","-0.52"
"Dec 22, 2015","136.850","136.520","137.300","135.930","-0.13"
"Dec 23, 2015","136.750","136.540","137.540","135.910","-0.07"
"Dec 24, 2015","137.225","136.020","137.325","135.880","0.35"
"Dec 25, 2015","137.275","136.780","137.555","136.190","0.04"
"Dec 28, 2015","136.975","136.230","137.275","136.190","-0.22"
"Dec 29, 2015","137.130","136.560","137.920","136.220","0.11"
"Dec 30, 2015","137.185","136.420","138.085","136.330","0.04"
"Dec 31, 2015","136.950","136.440","137.610","136.330","-0.17"
"Jan 01, 2016","136.945","136.560","137.055","136.350","-0.00"
"Jan 04, 2016","136.550","136.510","138.220","135.490","-0.29"
"Jan 05, 2016","137.550","135.980","137.820","135.650","0.73"
"Jan 06, 2016","137.405","137.230","138.285","136.570","-0.11"
"Jan 07, 2016","138.390","136.670","138.470","136.620","0.72"
"Jan 08, 2016","138.425","137.630","138.515","136.780","0.03"
"Jan 11, 2016","138.070","137.840","139.130","137.300","-0.26"
"Jan 12, 2016","138.625","137.320","139.205","137.310","0.40"
"Jan 13, 2016","138.955","137.900","139.415","137.790","0.24"
"Jan 14, 2016","139.330","138.420","139.770","137.960","0.27"
"Jan 15, 2016","139.030","138.640","139.890","138.470","-0.22"
"Jan 18, 2016","139.400","138.630","139.840","138.090","0.27"
"Jan 19, 2016","139.120","138.960","140.000","138.290","-0.20"
"Jan 20, 2016","138.155","138.420","139.585","137.570","-0.69"
"Jan 21, 2016","138.010","137.680","138.740","136.610","-0.10"
"Jan 22, 2016","137.090","137.490","138.130","136.420","-0.67"
"Jan 25, 2016","137.690","136.550","138.020","136.410","0.44"
"Jan 26, 2016","137.825","137.070","138.175","136.750","0.10"
"Jan 27, 2016","138.070","137.330","138.700","137.020","0.18"
"Jan 28, 2016","138.540","137.300","138.970","137.210","0.34"
"Jan 29, 2016","138.545","138.010","139.235","137.640","0.00"
"Feb 01, 2016","137.980","137.750","138.610","137.410","-0.41"
"Feb 02, 2016","138.045","137.540","138.385","137.400","0.05"
"Feb 03, 2016","138.620","137.600","139.290","137.200","0.42"
"Feb 04, 2016","138.360","137.850","139.000","137.370","-0.19"
"Feb 05, 2016","138.345","137.680","138.755","137.550","-0.01"
"Feb 08, 2016","138.460","138.000","139.180","137.600","0.08"
"Feb 09, 2016","138.595","137.780","138.975","137.640","0.10"
"Feb 10, 2016","139.520","138.150","139.630","137.660","0.67"
"Feb 11, 2016","138.770","139.140","140.010","137.680","-0.54"
"Feb 12, 2016","138.765","138.030","139.185","137.840","-0.00"
"Feb 15, 2016","138.510","138.240","139.250","137.610","-0.18"
"Feb 16, 2016","138.160","137.730","138.880","137.530","-0.25"
"Feb 17, 2016","138.100","137.610","138.680","137.270","-0.04"
"Feb 18, 2016","138.265","137.680","138.465","137.220","0.12"
"Feb 19, 2016","138.205","137.780","138.785","137.330","-0.04"
"Feb 22, 2016","138.085","137.400","138.485","136.950","-0.09"
"Feb 23, 2016","137.785","137.530","138.255","136.930","-0.22"
"Feb 24, 2016","138.160","137.330","138.530","137.090","0.27"
"Feb 25, 2016","138.195","137.640","138.795","137.350","0.03"
"Feb 26, 2016","137.945","137.450","138.585","137.310","-0.18"
"Feb 29, 2016","138.155","137.550","138.855","137.290","0.15"
"Mar 01, 2016","138.255","137.420","138.415","137.230","0.07"
"Mar 02, 2016","137.860","137.730","138.710","137.070","-0.29"
"Mar 03, 2016","138.595","137.180","138.735","136.990","0.53"
"Mar 04, 2016","137.965","138.200","138.635","136.880","-0.45"
"Mar 07, 2016","137.780","137.650","138.440","137.130","-0.13"
"Mar 08, 2016","137.945","137.230","138.705","137.120","0.12"
"Mar 09, 2016","137.910","137.220","138.690","137.150","-0.03"
"Mar 10, 2016","138.605","137.270","139.135","136.810","0.50"
"Mar 11, 2016","138.125","138.020","139.025","137.330","-0.35"
"Mar 14, 2016","137.645","137.410","138.425","136.710","-0.35"
"Mar 15, 2016","137.950","136.880","138.620","136.740","0.22"
"Mar 16, 2016","139.610","137.250","139.860","137.080","1.20"
"Mar 17, 2016","138.165","139.150","140.285","137.190","-1.04"
"Mar 18, 2016","138.140","137.460","139.060","137.320","-0.02"
"Mar 21, 2016","138.195","137.420","138.995","137.010","0.04"
"Mar 22, 2016","138.165","137.510","138.295","137.220","-0.02"
"Mar 23, 2016","138.230","137.450","138.990","137.370","0.05"
"Mar 24, 2016","138.445","137.460","138.985","137.310","0.16"
"Mar 25, 2016","138.430","137.930","138.840","137.620","-0.01"
"Mar 28, 2016","138.830","138.060","139.430","137.940","0.29"
"Mar 29, 2016","139.485","138.160","139.825","137.680","0.47"
"Mar 30, 2016","138.655","138.760","139.645","137.790","-0.60"
"Mar 31, 2016","138.650","138.040","139.320","137.900","-0.00"
"Apr 01, 2016","138.955","138.040","139.415","137.670","0.22"
"Apr 04, 2016","138.875","138.410","139.425","138.060","-0.06"
"Apr 05, 2016","138.715","138.150","139.085","137.880","-0.12"
"Apr 06, 2016","139.350","138.290","139.610","137.940","0.46"
"Apr 07, 2016","138.850","139.030","139.950","137.930","-0.36"
"Apr 08, 2016","138.835","138.280","139.325","137.920","-0.01"
"Apr 11, 2016","138.615","138.300","139.405","137.830","-0.16"
"Apr 12, 2016","138.550","137.900","139.160","137.830","-0.05"
"Apr 13, 2016","138.635","137.940","139.265","137.530","0.06"
"Apr 14, 2016","138.540","137.910","139.280","137.710","-0.07"
"Apr 15, 2016","138.465","137.840","138.975","137.740","-0.05"
"Apr 18, 2016","138.660","138.170","139.020","137.840","0.14"
"Apr 19, 2016","138.425","138.110","138.945","137.560","-0.17"
"Apr 20, 2016","138.340","137.860","138.710","137.450","-0.06"
"Apr 21, 2016","138.130","137.780","138.580","137.020","-0.15"
"Apr 22, 2016","138.145","137.600","138.495","137.180","0.01"
"Apr 25, 2016","138.145","137.530","138.375","137.290","0.00"
"Apr 26, 2016","138.095","137.580","138.385","137.160","-0.04"
"Apr 27, 2016","138.310","137.550","138.560","137.010","0.16"
"Apr 28, 2016","137.930","137.760","138.690","137.280","-0.27"
"Apr 29, 2016","138.365","137.350","138.785","137.200","0.32"
"May 02, 2016","138.985","137.690","139.215","137.680","0.45"
"May 03, 2016","138.425","138.600","139.775","137.620","-0.40"
"May 04, 2016","138.515","137.870","138.835","137.370","0.07"
"May 05, 2016","138.225","137.980","138.915","137.600","-0.21"
"May 06, 2016","138.570","137.650","139.280","137.570","0.25"
"May 09, 2016","138.250","138.000","138.960","137.540","-0.23"
"May 10, 2016","138.535","137.650","138.895","137.600","0.21"
"May 11, 2016","138.590","138.060","138.940","137.580","0.04"
"May 12, 2016","138.570","138.130","138.840","137.590","-0.01"
"May 13, 2016","138.400","138.090","138.760","137.560","-0.12"
"May 16, 2016","138.355","138.000","138.695","137.450","-0.03"
"May 17, 2016","138.330","137.850","138.710","137.380","-0.02"
"May 18, 2016","137.345","137.800","138.615","136.810","-0.71"
"May 19, 2016","138.095","136.860","138.385","136.730","0.55"
"May 20, 2016","138.050","137.740","138.480","137.370","-0.03"
"May 23, 2016","138.160","137.470","138.650","137.340","0.08"
"May 24, 2016","138.130","137.760","138.580","137.490","-0.02"
"May 25, 2016","138.320","137.780","138.780","137.500","0.14"
"May 26, 2016","138.210","137.850","138.720","137.640","-0.08"
"May 27, 2016","138.235","137.780","138.795","137.660","0.02"
"May 30, 2016","138.225","137.890","138.705","137.500","-0.01"
"May 31, 2016","138.240","137.720","138.650","137.580","0.01"
"Jun 01, 2016","138.350","137.880","138.450","137.420","0.08"
"Jun 02, 2016","138.150","138.150","139.080","137.370","-0.14"
"Jun 03, 2016","138.345","137.450","139.055","137.350","0.14"
"Jun 06, 2016","138.255","137.810","138.735","137.590","-0.07"
"Jun 07, 2016","138.335","137.890","138.785","137.680","0.06"
"Jun 08, 2016","138.410","137.960","138.780","137.770","0.05"
"Jun 09, 2016","138.250","138.130","139.070","137.570","-0.12"
"Jun 10, 2016","137.570","137.650","138.670","137.220","-0.49"
"Jun 13, 2016","138.075","137.320","138.465","137.070","0.37"
"Jun 14, 2016","137.970","137.740","138.430","137.210","-0.08"
"Jun 15, 2016","138.205","137.500","138.905","137.130","0.17"
"Jun 16, 2016","138.345","137.620","138.555","137.010","0.10"
"Jun 17, 2016","138.260","137.830","138.780","137.010","-0.06"
"Jun 20, 2016","137.565","137.680","139.415","136.890","-0.50"
"Jun 21, 2016","137.320","137.030","137.860","136.710","-0.18"
"Jun 22, 2016","137.445","136.920","137.965","136.750","0.09"
"Jun 23, 2016","137.930","137.080","138.240","136.960","0.35"
"Jun 24, 2016","137.745","137.600","139.025","132.480","-0.13"
"Jun 27, 2016","136.950","136.260","138.800","135.170","-0.58"
"Jun 28, 2016","136.970","136.040","137.970","135.920","0.01"
"Jun 29, 2016","136.945","136.050","138.255","135.540","-0.02"
"Jun 30, 2016","137.290","136.020","137.810","135.930","0.25"
"Jul 01, 2016","137.125","136.790","137.835","136.010","-0.12"
"Jul 04, 2016","136.955","136.710","137.415","136.380","-0.12"
"Jul 05, 2016","136.070","136.540","137.130","135.530","-0.65"
"Jul 06, 2016","136.740","135.720","137.170","135.610","0.49"
"Jul 07, 2016","136.795","136.270","137.025","135.870","0.04"
"Jul 08, 2016","136.690","136.480","137.180","135.710","-0.08"
"Jul 11, 2016","136.605","136.690","137.075","136.090","-0.06"
"Jul 12, 2016","136.835","136.300","137.095","136.120","0.17"
"Jul 13, 2016","136.835","136.490","137.195","136.250","0.00"
"Jul 14, 2016","136.740","136.450","137.120","136.010","-0.07"
"Jul 15, 2016","136.755","136.380","137.295","136.110","0.01"
"Jul 18, 2016","136.600","136.490","137.170","135.950","-0.11"
"Jul 19, 2016","136.415","136.060","136.775","135.770","-0.14"
"Jul 20, 2016","136.035","136.110","136.805","135.320","-0.28"
"Jul 21, 2016","135.775","135.410","136.265","135.200","-0.19"
"Jul 22, 2016","135.860","135.360","136.190","135.150","0.06"
"Jul 25, 2016","136.025","135.410","136.615","135.170","0.12"
"Jul 26, 2016","136.410","135.510","136.860","135.380","0.28"
"Jul 27, 2016","136.495","135.800","136.745","135.660","0.06"
"Jul 28, 2016","136.210","136.040","136.660","135.480","-0.21"
"Jul 29, 2016","136.325","135.800","136.375","135.360","0.08"
"Aug 01, 2016","136.185","136.030","136.525","135.270","-0.10"
"Aug 02, 2016","136.330","135.820","136.690","135.470","0.11"
"Aug 03, 2016","136.000","135.670","136.350","135.170","-0.24"
"Aug 04, 2016","136.245","135.570","136.405","135.350","0.18"
"Aug 05, 2016","136.130","135.980","136.460","135.350","-0.08"
"Aug 08, 2016","135.970","135.850","136.520","135.390","-0.12"
"Aug 09, 2016","135.980","135.510","136.630","135.300","0.01"
"Aug 10, 2016","135.950","135.520","136.600","135.210","-0.02"
"Aug 11, 2016","135.630","135.590","136.580","135.090","-0.24"
"Aug 12, 2016","135.880","135.150","136.460","135.040","0.18"
"Aug 15, 2016","136.110","135.320","136.420","135.210","0.17"
"Aug 16, 2016","135.980","135.610","136.540","135.330","-0.10"
"Aug 17, 2016","136.140","135.590","136.880","135.480","0.12"
"Aug 18, 2016","136.395","135.540","137.125","135.440","0.19"
"Aug 19, 2016","136.450","136.000","137.230","135.650","0.04"
"Aug 22, 2016","136.460","135.430","136.940","135.040","0.01"
"Aug 23, 2016","136.855","136.090","137.235","135.830","0.29"
"Aug 24, 2016","137.165","136.520","137.695","136.340","0.23"
"Aug 25, 2016","137.185","136.750","137.655","136.330","0.01"
"Aug 26, 2016","137.295","136.770","137.885","136.280","0.08"
"Aug 29, 2016","137.540","136.810","137.600","136.300","0.18"
"Aug 30, 2016","137.410","137.260","137.740","136.730","-0.09"
"Aug 31, 2016","137.625","137.080","137.855","136.670","0.16"
"Sep 01, 2016","137.570","137.270","137.940","136.600","-0.04"
"Sep 02, 2016","137.515","137.240","137.925","136.650","-0.04"
"Sep 05, 2016","137.510","137.130","138.270","136.690","-0.00"
"Sep 06, 2016","137.425","136.740","137.885","136.700","-0.06"
"Sep 07, 2016","137.530","137.100","138.610","136.690","0.08"
"Sep 08, 2016","137.500","136.770","138.320","136.640","-0.02"
"Sep 09, 2016","137.495","136.740","138.325","136.480","-0.00"
"Sep 12, 2016","137.125","136.730","137.815","136.470","-0.27"
"Sep 13, 2016","137.475","136.570","137.835","136.450","0.26"
"Sep 14, 2016","137.415","137.090","137.895","136.780","-0.04"
"Sep 15, 2016","137.325","136.940","137.705","136.660","-0.07"
"Sep 16, 2016","137.295","136.990","137.625","136.640","-0.02"
"Sep 19, 2016","137.100","137.040","137.940","136.310","-0.14"
"Sep 20, 2016","137.055","136.370","137.405","136.240","-0.03"
"Sep 21, 2016","136.955","136.690","137.555","136.040","-0.07"
"Sep 22, 2016","137.085","136.430","137.745","136.240","0.09"
"Sep 23, 2016","137.105","136.340","137.645","136.240","0.01"
"Sep 26, 2016","137.140","136.360","137.350","136.310","0.03"
"Sep 27, 2016","137.240","136.870","137.370","136.340","0.07"
"Sep 28, 2016","137.240","136.970","137.490","136.320","0.00"
"Sep 29, 2016","137.310","136.990","137.610","136.310","0.05"
"Sep 30, 2016","137.230","137.030","137.720","136.350","-0.06"
"Oct 03, 2016","137.420","136.850","137.770","136.600","0.14"
"Oct 04, 2016","137.220","136.920","137.630","136.160","-0.15"
"Oct 05, 2016","137.215","136.900","137.675","136.360","-0.00"
"Oct 06, 2016","137.400","136.880","137.700","136.430","0.13"
"Oct 07, 2016","137.220","136.900","138.010","136.370","-0.13"
"Oct 10, 2016","137.090","136.430","137.420","136.080","-0.09"
"Oct 11, 2016","136.965","136.760","137.255","136.370","-0.09"
"Oct 12, 2016","137.225","136.630","137.725","136.390","0.19"
"Oct 13, 2016","137.105","136.570","137.665","136.290","-0.09"
"Oct 14, 2016","136.910","136.380","137.120","136.210","-0.14"
"Oct 17, 2016","137.100","136.620","137.640","136.040","0.14"
"Oct 18, 2016","136.795","136.350","137.395","135.900","-0.22"
"Oct 19, 2016","136.655","136.340","136.875","135.990","-0.10"
"Oct 20, 2016","136.815","136.350","137.265","135.760","0.12"
"Oct 21, 2016","136.045","136.050","136.685","135.430","-0.56"
"Oct 24, 2016","136.290","135.560","136.620","135.220","0.18"
"Oct 25, 2016","136.255","135.760","136.715","135.480","-0.03"
"Oct 26, 2016","136.365","135.870","136.835","135.740","0.08"
"Oct 27, 2016","136.475","136.010","136.885","135.720","0.08"
"Oct 28, 2016","136.480","136.020","136.930","135.840","0.00"
"Oct 31, 2016","136.480","136.000","136.830","135.660","0.00"
"Nov 01, 2016","136.485","136.040","136.885","135.870","0.00"
"Nov 02, 2016","136.415","136.020","136.825","135.690","-0.05"
"Nov 03, 2016","136.525","136.040","137.135","135.660","0.08"
"Nov 04, 2016","136.530","136.010","136.830","135.640","0.00"
"Nov 07, 2016","136.660","136.120","136.880","134.980","0.10"
"Nov 08, 2016","136.490","136.340","136.770","135.970","-0.12"
"Nov 09, 2016","136.500","136.190","139.650","135.680","0.01"
"Nov 10, 2016","136.425","135.750","136.805","135.640","-0.05"
"Nov 11, 2016","136.600","136.070","137.050","135.620","0.13"
"Nov 14, 2016","135.995","135.760","136.535","134.810","-0.44"
"Nov 15, 2016","136.005","135.440","136.435","135.150","0.01"
"Nov 16, 2016","135.995","135.440","136.455","135.170","-0.01"
"Nov 17, 2016","136.010","135.470","136.410","135.190","0.01"
"Nov 18, 2016","135.770","135.450","136.380","135.050","-0.18"
"Nov 21, 2016","135.740","135.150","135.980","134.990","-0.02"
"Nov 22, 2016","135.740","135.370","135.970","135.120","0.00"
"Nov 23, 2016","135.815","135.430","136.375","135.030","0.06"
"Nov 24, 2016","135.730","135.220","136.260","135.020","-0.06"
"Nov 25, 2016","135.665","135.160","136.005","135.120","-0.05"
"Nov 28, 2016","135.765","135.695","136.175","135.455","0.07"
"Nov 29, 2016","135.735","135.725","136.135","135.525","-0.02"
"Nov 30, 2016","136.055","135.955","136.275","135.605","0.24"
"Dec 01, 2016","135.755","135.815","136.225","135.435","-0.22"
"Dec 02, 2016","135.850","135.790","136.190","135.520","0.07"
"Dec 05, 2016","135.805","135.905","136.505","135.385","-0.03"
"Dec 06, 2016","135.815","135.865","136.435","135.695","0.01"
"Dec 07, 2016","135.795","135.825","136.445","135.635","-0.01"
"Dec 08, 2016","135.825","135.745","136.755","134.065","0.02"
"Dec 09, 2016","135.855","135.845","136.405","135.595","0.02"
"Dec 12, 2016","135.525","135.645","135.955","135.335","-0.24"
"Dec 13, 2016","135.600","135.850","136.170","135.390","0.06"
"Dec 14, 2016","135.615","135.605","136.045","134.335","0.01"
"Dec 15, 2016","135.595","135.575","135.975","134.525","-0.01"
"Dec 16, 2016","135.710","135.640","135.840","134.790","0.08"
"Dec 19, 2016","134.820","135.380","135.620","134.560","-0.66"
"Dec 20, 2016","134.510","135.130","135.200","134.360","-0.23"
"Dec 21, 2016","134.510","134.510","134.900","134.220","0.00"
"Dec 22, 2016","134.490","134.480","134.890","134.280","-0.01"
"Dec 23, 2016","134.590","134.360","134.850","134.080","0.07"
"Dec 26, 2016","134.580","134.560","134.800","134.370","-0.01"
"Dec 27, 2016","134.505","134.685","135.175","134.395","-0.06"
"Dec 28, 2016","134.900","134.530","135.370","134.420","0.29"
"Dec 29, 2016","135.030","134.910","135.720","134.790","0.10"
"Dec 30, 2016","134.885","135.025","136.075","134.655","-0.11"
"Jan 02, 2017","134.165","135.085","135.125","134.025","-0.53"
"Jan 03, 2017","133.475","134.105","134.575","132.645","-0.51"
"Jan 04, 2017","135.585","133.485","136.035","133.275","1.58"
"Jan 05, 2017","135.795","135.595","136.355","135.345","0.15"
"Jan 06, 2017","135.375","135.315","136.305","135.265","-0.31"
"Jan 09, 2017","136.155","135.725","136.565","135.445","0.58"
"Jan 10, 2017","136.110","136.090","136.760","135.970","-0.03"
"Jan 11, 2017","136.310","136.120","136.900","136.010","0.15"
"Jan 12, 2017","136.695","136.315","137.385","136.245","0.28"
"Jan 13, 2017","136.910","136.610","137.470","136.510","0.16"
"Jan 16, 2017","137.185","136.575","137.565","136.575","0.20"
"Jan 17, 2017","137.215","137.095","137.585","136.895","0.02"
"Jan 18, 2017","137.310","137.370","137.630","136.990","0.07"
"Jan 19, 2017","136.810","137.370","137.590","136.690","-0.36"
"Jan 20, 2017","136.690","136.850","137.500","136.520","-0.09"
"Jan 23, 2017","136.580","136.440","137.450","136.430","-0.08"
"Jan 24, 2017","136.745","136.255","137.225","136.205","0.12"
"Jan 25, 2017","136.745","136.785","137.045","136.305","0.00"
"Jan 26, 2017","136.605","137.005","137.305","136.525","-0.10"
"Jan 27, 2017","136.690","136.590","137.110","136.480","0.06"
"Jan 30, 2017","136.605","136.535","136.955","136.315","-0.06"
"Jan 31, 2017","136.600","136.600","137.070","136.310","-0.00"
"Feb 01, 2017","136.600","136.650","137.100","136.300","0.00"
"Feb 02, 2017","136.620","136.580","137.010","136.280","0.01"
"Feb 03, 2017","136.670","136.650","136.960","136.170","0.04"
"Feb 06, 2017","136.390","136.550","136.740","136.000","-0.20"
"Feb 07, 2017","136.405","136.405","136.595","136.045","0.01"
"Feb 08, 2017","136.405","136.395","136.485","135.825","0.00"
"Feb 09, 2017","136.420","136.380","136.550","135.640","0.01"
"Feb 10, 2017","135.615","136.245","136.275","135.295","-0.59"
"Feb 13, 2017","135.435","135.535","135.975","135.245","-0.13"
"Feb 14, 2017","135.570","135.440","136.020","135.210","0.10"
"Feb 15, 2017","135.610","135.750","136.020","135.240","0.03"
"Feb 16, 2017","135.610","135.630","135.900","135.250","0.00"
"Feb 17, 2017","135.355","135.245","135.545","134.895","-0.19"
"Feb 20, 2017","135.135","135.535","135.825","134.935","-0.16"
"Feb 21, 2017","135.100","135.360","135.630","135.040","-0.03"
"Feb 22, 2017","134.835","135.095","135.465","134.785","-0.20"
"Feb 23, 2017","134.900","134.870","135.430","134.730","0.05"
"Feb 24, 2017","134.995","134.855","135.395","134.525","0.07"
"Feb 27, 2017","134.955","135.025","135.475","134.575","-0.03"
"Feb 28, 2017","134.905","135.165","135.665","134.825","-0.04"
"Mar 01, 2017","134.910","134.890","135.750","134.840","0.00"
"Mar 02, 2017","134.895","134.895","135.775","134.765","-0.01"
"Mar 03, 2017","135.075","134.685","135.575","134.635","0.13"
"Mar 06, 2017","135.195","135.245","135.885","134.945","0.09"
"Mar 07, 2017","135.195","135.225","135.855","135.085","0.00"
"Mar 08, 2017","135.205","135.225","135.785","135.075","0.01"
"Mar 09, 2017","135.195","135.205","135.565","134.845","-0.01"
"Mar 10, 2017","134.955","135.505","136.005","134.915","-0.18"
"Mar 13, 2017","135.205","134.605","135.675","134.585","0.19"
"Mar 14, 2017","135.185","135.255","135.595","135.095","-0.01"
"Mar 15, 2017","135.405","135.425","136.015","135.325","0.16"
"Mar 16, 2017","135.405","135.405","135.935","135.285","0.00"
"Mar 17, 2017","135.395","135.375","136.245","135.255","-0.01"
"Mar 20, 2017","135.285","135.205","135.745","135.095","-0.08"
"Mar 21, 2017","135.300","135.160","135.570","135.010","0.01"
"Mar 22, 2017","135.280","135.300","135.400","134.900","-0.01"
"Mar 23, 2017","135.390","135.630","135.940","135.300","0.08"
"Mar 24, 2017","135.400","135.400","135.980","135.360","0.01"
"Mar 27, 2017","135.460","135.240","135.920","135.150","0.04"
"Mar 28, 2017","135.430","135.410","135.780","135.150","-0.02"
"Mar 29, 2017","135.635","135.365","135.855","134.945","0.15"
"Mar 30, 2017","135.895","135.955","136.445","135.355","0.19"
"Mar 31, 2017","135.930","135.650","136.450","135.530","0.03"
"Apr 03, 2017","135.875","136.265","136.535","135.655","-0.04"
"Apr 04, 2017","135.890","135.910","136.380","135.750","0.01"
"Apr 05, 2017","135.890","135.860","136.380","135.650","0.00"
"Apr 06, 2017","135.905","135.915","136.315","135.655","0.01"
"Apr 07, 2017","135.890","135.890","136.590","135.600","-0.01"
"Apr 10, 2017","135.910","135.940","136.310","135.620","0.01"
"Apr 11, 2017","135.570","135.580","135.940","135.340","-0.25"
"Apr 12, 2017","135.725","135.545","135.975","135.205","0.11"
"Apr 13, 2017","135.510","135.740","135.770","135.080","-0.16"
"Apr 14, 2017","135.305","135.825","135.985","135.245","-0.15"
"Apr 17, 2017","135.780","135.210","136.120","135.050","0.35"
"Apr 18, 2017","135.200","135.610","135.750","134.730","-0.43"
"Apr 19, 2017","135.285","135.535","135.845","135.045","0.06"
"Apr 20, 2017","134.950","135.210","135.470","134.700","-0.25"
"Apr 21, 2017","135.000","135.220","135.500","134.770","0.04"
"Apr 24, 2017","134.990","137.580","137.760","134.740","-0.01"
"Apr 25, 2017","134.995","134.975","136.015","134.835","0.00"
"Apr 26, 2017","134.995","134.985","135.785","134.895","0.00"
"Apr 27, 2017","135.150","135.100","135.580","134.740","0.11"
"Apr 28, 2017","135.000","135.280","135.580","134.880","-0.11"
"May 01, 2017","134.875","135.025","135.245","134.745","-0.09"
"May 02, 2017","134.790","134.970","135.400","134.760","-0.06"
"May 03, 2017","134.790","134.810","135.580","134.740","0.00"
"May 04, 2017","134.800","134.760","135.530","134.670","0.01"
"May 05, 2017","134.795","135.215","135.495","134.655","-0.00"
"May 08, 2017","134.815","134.515","135.165","134.015","0.01"
"May 09, 2017","134.420","134.830","135.010","134.190","-0.29"
"May 10, 2017","134.805","134.695","135.175","134.465","0.29"
"May 11, 2017","134.245","134.665","134.855","134.035","-0.42"
"May 12, 2017","134.115","134.135","134.625","133.825","-0.10"
"May 15, 2017","134.395","134.735","134.975","134.235","0.21"
"May 16, 2017","134.390","134.390","135.290","134.250","-0.00"
"May 17, 2017","134.790","134.400","135.390","134.330","0.30"
"May 18, 2017","134.785","134.485","135.125","134.435","-0.00"
"May 19, 2017","134.765","134.815","135.195","134.485","-0.01"
"May 22, 2017","134.705","134.965","135.275","134.325","-0.04"
"May 23, 2017","134.700","134.690","135.160","134.540","-0.00"
"May 24, 2017","134.700","134.700","135.220","134.540","0.00"
"May 25, 2017","134.455","134.435","134.935","134.285","-0.18"
"May 26, 2017","134.395","134.465","134.685","134.045","-0.04"
"May 29, 2017","134.195","134.315","134.715","134.065","-0.15"
"May 30, 2017","134.250","134.160","134.510","133.840","0.04"
"May 31, 2017","134.085","134.265","134.515","133.895","-0.12"
"Jun 01, 2017","134.110","134.330","134.660","133.930","0.02"
"Jun 02, 2017","134.080","134.130","134.640","134.030","-0.02"
"Jun 05, 2017","133.900","133.760","134.210","133.530","-0.13"
"Jun 06, 2017","133.885","133.875","134.185","133.555","-0.01"
"Jun 07, 2017","133.785","134.045","134.385","133.705","-0.07"
"Jun 08, 2017","133.755","133.725","134.095","133.375","-0.02"
"Jun 09, 2017","133.560","133.700","134.030","133.410","-0.15"
"Jun 12, 2017","133.535","133.755","134.085","133.455","-0.02"
"Jun 13, 2017","133.635","133.525","134.025","133.305","0.07"
"Jun 14, 2017","133.625","133.655","133.995","133.225","-0.01"
"Jun 15, 2017","133.435","133.505","133.755","133.205","-0.14"
"Jun 16, 2017","133.290","133.540","133.830","133.160","-0.11"
"Jun 19, 2017","133.300","133.250","133.670","133.000","0.01"
"Jun 20, 2017","132.840","133.310","133.470","132.630","-0.35"
"Jun 21, 2017","132.900","132.590","132.930","132.400","0.05"
"Jun 22, 2017","132.290","133.120","133.270","132.240","-0.46"
"Jun 23, 2017","132.190","132.320","132.690","131.960","-0.08"
"Jun 26, 2017","131.945","132.265","132.555","131.835","-0.19"
"Jun 27, 2017","132.025","131.975","132.475","131.875","0.06"
"Jun 28, 2017","132.235","132.045","132.785","131.895","0.16"
"Jun 29, 2017","132.480","132.200","133.000","132.150","0.19"
"Jun 30, 2017","132.630","132.530","133.220","132.460","0.11"
"Jul 03, 2017","132.590","132.510","133.080","132.320","-0.03"
"Jul 04, 2017","132.535","132.585","133.065","132.445","-0.04"
"Jul 05, 2017","132.390","132.340","132.760","132.030","-0.11"
"Jul 06, 2017","132.485","132.595","132.935","132.215","0.07"
"Jul 07, 2017","132.350","132.340","132.730","131.970","-0.10"
"Jul 10, 2017","132.350","132.230","132.690","132.160","0.00"
"Jul 11, 2017","132.490","132.460","132.870","132.260","0.11"
"Jul 12, 2017","132.485","132.485","132.915","132.285","-0.00"
"Jul 13, 2017","132.440","132.510","132.890","132.270","-0.03"
"Jul 14, 2017","132.415","132.435","132.805","132.145","-0.02"
"Jul 17, 2017","132.440","132.350","132.690","132.040","0.02"
"Jul 18, 2017","132.595","132.185","132.905","132.085","0.12"
"Jul 19, 2017","132.585","132.595","132.935","132.225","-0.01"
"Jul 20, 2017","132.420","132.810","133.380","132.410","-0.12"
"Jul 21, 2017","132.465","132.345","133.255","132.225","0.03"
"Jul 24, 2017","132.700","132.520","133.350","132.420","0.18"
"Jul 25, 2017","132.800","132.350","133.020","132.080","0.08"
"Jul 26, 2017","132.850","132.890","133.190","132.320","0.04"
"Jul 27, 2017","133.140","132.610","133.670","132.560","0.22"
"Jul 28, 2017","133.215","133.105","133.625","132.725","0.06"
"Jul 31, 2017","133.035","132.985","133.355","132.785","-0.14"
"Aug 01, 2017","132.805","133.075","133.285","132.615","-0.17"
"Aug 02, 2017","132.590","132.820","133.080","132.250","-0.16"
"Aug 03, 2017","132.440","132.530","132.860","132.140","-0.11"
"Aug 04, 2017","132.380","132.520","132.820","132.280","-0.05"
"Aug 07, 2017","132.320","132.400","132.810","132.110","-0.05"
"Aug 08, 2017","132.105","132.285","132.725","131.975","-0.16"
"Aug 09, 2017","132.430","132.120","133.020","132.090","0.25"
"Aug 10, 2017","132.425","132.405","132.885","132.295","-0.00"
"Aug 11, 2017","132.530","132.440","132.950","132.230","0.08"
"Aug 14, 2017","132.585","132.375","132.865","132.325","0.04"
"Aug 15, 2017","132.610","132.630","132.810","132.130","0.02"
"Aug 16, 2017","132.365","132.585","132.735","132.105","-0.18"
"Aug 17, 2017","132.400","132.400","132.780","132.120","0.03"
"Aug 18, 2017","132.410","132.410","132.730","132.160","0.01"
"Aug 21, 2017","132.430","132.260","132.630","132.070","0.02"
"Aug 22, 2017","132.305","132.585","132.735","132.165","-0.09"
"Aug 23, 2017","132.705","132.165","132.805","132.035","0.30"
"Aug 24, 2017","132.605","132.845","132.935","132.275","-0.08"
"Aug 25, 2017","132.610","132.600","133.030","132.370","0.00"
"Aug 28, 2017","132.845","132.485","132.985","132.155","0.18"
"Aug 29, 2017","132.820","132.940","133.500","132.510","-0.02"
"Aug 30, 2017","133.410","132.880","133.880","132.770","0.44"
"Aug 31, 2017","133.860","133.230","134.040","133.190","0.34"
"Sep 01, 2017","133.855","133.885","134.435","132.915","-0.00"
"Sep 04, 2017","133.535","134.005","134.525","133.315","-0.24"
"Sep 05, 2017","133.460","133.360","133.800","132.950","-0.06"
"Sep 06, 2017","133.355","133.445","133.575","132.915","-0.08"
"Sep 07, 2017","133.450","133.370","133.580","132.820","0.07"
"Sep 08, 2017","133.440","133.460","133.840","133.020","-0.01"
"Sep 11, 2017","133.600","133.660","133.920","133.190","0.12"
"Sep 12, 2017","133.600","133.590","133.950","133.300","0.00"
"Sep 13, 2017","133.830","133.470","133.910","133.270","0.17"
"Sep 14, 2017","133.580","133.930","134.060","133.290","-0.19"
"Sep 15, 2017","133.490","133.830","134.080","133.250","-0.07"
"Sep 18, 2017","133.695","133.685","134.085","133.365","0.15"
"Sep 19, 2017","133.615","133.555","134.025","133.405","-0.06"
"Sep 20, 2017","133.710","133.770","134.310","133.570","0.07"
"Sep 21, 2017","133.935","133.555","134.125","133.485","0.17"
"Sep 22, 2017","133.900","134.110","134.340","133.690","-0.03"
"Sep 25, 2017","133.905","133.955","134.145","133.325","0.00"
"Sep 26, 2017","133.795","134.085","134.325","133.615","-0.08"
"Sep 27, 2017","133.805","133.785","134.255","133.475","0.01"
"Sep 28, 2017","133.795","133.795","134.155","133.465","-0.01"
"Sep 29, 2017","133.790","134.110","134.480","133.610","-0.00"
"Oct 02, 2017","133.795","133.815","134.345","133.155","0.00"
"Oct 03, 2017","134.005","133.795","134.425","133.725","0.16"
"Oct 04, 2017","133.845","133.855","134.185","133.635","-0.12"
"Oct 05, 2017","133.990","133.980","134.320","133.670","0.11"
"Oct 06, 2017","133.980","133.980","134.430","133.580","-0.01"
"Oct 09, 2017","134.080","133.720","134.110","133.510","0.07"
"Oct 10, 2017","133.990","134.250","134.330","133.590","-0.07"
"Oct 11, 2017","134.000","134.010","134.340","133.700","0.01"
"Oct 12, 2017","134.000","134.010","134.450","133.640","0.00"
"Oct 13, 2017","133.950","133.830","134.120","133.520","-0.04"
"Oct 16, 2017","133.870","134.030","134.040","133.460","-0.06"
"Oct 17, 2017","133.700","134.000","134.050","133.390","-0.13"
"Oct 18, 2017","133.610","133.710","134.030","133.320","-0.07"
"Oct 19, 2017","133.590","133.610","133.980","133.490","-0.01"
"Oct 20, 2017","133.675","133.425","133.835","133.245","0.06"
"Oct 23, 2017","133.700","133.520","133.760","133.250","0.02"
"Oct 24, 2017","133.590","133.600","133.950","133.390","-0.08"
"Oct 25, 2017","133.600","133.600","134.050","133.410","0.01"
"Oct 26, 2017","133.610","133.580","134.050","133.370","0.01"
"Oct 27, 2017","133.610","133.600","134.060","133.380","0.00"
"Oct 30, 2017","133.570","133.340","133.830","133.150","-0.03"
"Oct 31, 2017","133.605","133.755","133.875","133.305","0.03"
"Nov 01, 2017","133.600","133.600","133.870","133.300","-0.00"
"Nov 02, 2017","133.590","133.600","133.920","133.280","-0.01"
"Nov 03, 2017","133.410","133.620","134.080","133.270","-0.13"
"Nov 06, 2017","133.470","133.230","133.580","132.920","0.04"
"Nov 07, 2017","133.395","133.655","133.745","133.225","-0.06"
"Nov 08, 2017","133.415","133.395","133.765","133.345","0.01"
"Nov 09, 2017","133.395","133.385","133.895","133.095","-0.01"
"Nov 10, 2017","133.400","133.410","133.890","133.200","0.00"
"Nov 13, 2017","133.395","133.505","133.895","133.215","-0.00"
"Nov 14, 2017","133.600","133.410","134.120","133.310","0.15"
"Nov 15, 2017","133.715","133.555","134.025","133.445","0.09"
"Nov 16, 2017","133.715","133.765","134.015","133.505","0.00"
"Nov 17, 2017","133.880","133.740","134.150","133.500","0.12"
"Nov 20, 2017","133.700","133.610","134.180","132.830","-0.13"
"Nov 21, 2017","133.695","133.705","134.045","133.385","-0.00"
"Nov 22, 2017","133.695","133.695","133.965","133.365","0.00"
"Nov 23, 2017","133.705","133.695","134.055","133.365","0.01"
"Nov 24, 2017","133.835","133.535","134.045","133.225","0.10"
"Nov 27, 2017","133.605","133.895","134.035","133.285","-0.17"
"Nov 28, 2017","132.980","133.610","133.860","132.810","-0.47"
"Nov 29, 2017","133.115","133.035","133.585","132.835","0.10"
"Nov 30, 2017","133.845","132.975","133.955","132.975","0.55"
"Dec 01, 2017","133.645","134.075","134.205","133.575","-0.15"
"Dec 04, 2017","133.855","133.315","134.045","132.875","0.16"
"Dec 05, 2017","133.870","133.820","133.950","133.350","0.01"
"Dec 06, 2017","133.700","134.070","134.130","133.500","-0.13"
"Dec 07, 2017","133.725","133.505","133.905","133.315","0.02"
"Dec 08, 2017","133.590","133.670","133.910","133.590","-0.10"
"Dec 11, 2017","133.595","133.705","133.955","133.075","0.00"
"Dec 12, 2017","133.595","133.755","133.835","133.215","0.00"
"Dec 13, 2017","133.505","133.585","133.815","133.145","-0.07"
"Dec 14, 2017","133.385","133.355","133.705","132.975","-0.09"
"Dec 15, 2017","133.380","133.390","133.630","133.050","-0.00"
"Dec 18, 2017","133.335","133.405","133.605","132.975","-0.03"
"Dec 19, 2017","133.175","133.345","133.415","132.985","-0.12"
"Dec 20, 2017","133.030","133.100","133.390","132.860","-0.11"
"Dec 21, 2017","132.975","133.075","133.435","132.705","-0.04"
"Dec 22, 2017","132.890","132.970","133.310","132.570","-0.06"
"Dec 25, 2017","133.005","132.755","133.145","132.705","0.09"
"Dec 26, 2017","132.750","133.110","133.280","132.440","-0.19"
"Dec 27, 2017","132.805","132.755","133.265","132.605","0.04"
"Dec 28, 2017","133.200","132.800","133.450","132.620","0.30"
"Dec 29, 2017","132.980","133.110","133.350","132.720","-0.17"
"Jan 01, 2018","133.110","133.040","133.160","132.950","0.10"
"Jan 02, 2018","133.375","133.325","134.105","133.215","0.20"
"Jan 03, 2018","133.215","133.285","133.565","132.935","-0.12"
"Jan 04, 2018","133.510","133.120","133.750","132.900","0.22"
"Jan 05, 2018","133.375","133.565","133.825","133.155","-0.10"
"Jan 08, 2018","133.500","133.440","133.770","133.190","0.09"
"Jan 09, 2018","133.500","133.500","133.760","133.290","0.00"
"Jan 10, 2018","133.430","133.370","133.780","133.040","-0.05"
"Jan 11, 2018","133.435","133.395","133.755","133.025","0.00"
"Jan 12, 2018","134.060","133.450","134.060","133.240","0.47"
"Jan 15, 2018","134.020","133.990","134.470","133.420","-0.03"
"Jan 16, 2018","134.000","134.210","134.500","133.780","-0.01"
"Jan 17, 2018","133.995","133.985","134.445","133.845","-0.00"
"Jan 18, 2018","133.835","133.825","134.205","133.505","-0.12"
"Jan 19, 2018","134.030","134.040","134.380","133.800","0.15"
"Jan 22, 2018","133.795","134.465","134.555","133.475","-0.18"
"Jan 23, 2018","133.595","133.805","134.055","133.395","-0.15"
"Jan 24, 2018","133.545","133.455","133.895","133.245","-0.04"
"Jan 25, 2018","133.550","133.580","134.050","133.200","0.00"
"Jan 26, 2018","133.505","133.515","133.945","133.245","-0.03"
"Jan 29, 2018","133.600","133.570","133.840","133.080","0.07"
"Jan 30, 2018","133.495","133.775","134.005","133.355","-0.08"
"Jan 31, 2018","133.525","133.485","133.915","133.255","0.02"
"Feb 01, 2018","133.485","133.455","133.925","133.265","-0.03"
"Feb 02, 2018","133.510","133.300","133.810","133.000","0.02"
"Feb 05, 2018","133.345","133.285","133.765","132.945","-0.12"
"Feb 06, 2018","133.300","133.350","133.800","133.060","-0.03"
"Feb 07, 2018","133.310","133.180","133.530","132.950","0.01"
"Feb 08, 2018","133.205","133.395","133.575","132.815","-0.08"
"Feb 09, 2018","132.945","133.325","133.565","132.945","-0.20"
"Feb 12, 2018","132.980","132.950","133.280","132.800","0.03"
"Feb 13, 2018","132.900","133.110","133.310","132.680","-0.06"
"Feb 14, 2018","132.895","132.875","133.305","132.335","-0.00"
"Feb 15, 2018","132.605","132.905","133.205","132.455","-0.22"
"Feb 16, 2018","132.715","132.725","132.905","132.215","0.08"
"Feb 19, 2018","132.450","132.870","133.150","132.340","-0.20"
"Feb 20, 2018","132.120","132.340","132.670","131.760","-0.25"
"Feb 21, 2018","132.000","132.240","132.390","131.810","-0.09"
"Feb 22, 2018","131.800","131.980","132.470","131.690","-0.15"
"Feb 23, 2018","131.940","131.810","132.470","131.730","0.11"
"Feb 26, 2018","132.005","131.975","132.625","131.775","0.05"
"Feb 27, 2018","132.200","131.870","132.540","131.820","0.15"
"Feb 28, 2018","132.200","132.350","132.590","131.990","0.00"
"Mar 01, 2018","132.195","132.205","132.565","132.025","-0.00"
"Mar 02, 2018","132.260","132.170","132.580","131.960","0.05"
"Mar 05, 2018","132.050","132.140","132.600","131.560","-0.16"
"Mar 06, 2018","132.005","132.225","132.485","131.875","-0.03"
"Mar 07, 2018","132.055","131.835","132.305","131.675","0.04"
"Mar 08, 2018","132.055","132.045","132.405","131.325","0.00"
"Mar 09, 2018","131.955","132.055","132.115","131.485","-0.08"
"Mar 12, 2018","131.680","132.040","132.250","131.440","-0.21"
"Mar 13, 2018","131.625","131.685","131.925","131.305","-0.04"
"Mar 14, 2018","131.590","131.800","131.860","131.470","-0.03"
"Mar 15, 2018","131.430","131.420","131.820","131.100","-0.12"
"Mar 16, 2018","131.350","131.570","131.680","130.870","-0.06"
"Mar 19, 2018","130.740","131.290","131.460","130.140","-0.46"
"Mar 20, 2018","128.250","130.740","130.810","128.110","-1.90"
"Mar 21, 2018","129.735","128.535","130.035","128.465","1.16"
"Mar 22, 2018","129.395","129.725","130.265","129.225","-0.26"
"Mar 23, 2018","130.785","129.775","131.285","128.825","1.07"
"Mar 26, 2018","131.425","130.725","132.465","130.655","0.49"
"Mar 27, 2018","132.055","131.415","132.575","131.285","0.48"
"Mar 28, 2018","131.235","131.595","132.065","131.075","-0.62"
"Mar 29, 2018","130.955","131.165","131.765","130.805","-0.21"
"Mar 30, 2018","131.410","131.500","132.010","130.680","0.35"
"Apr 02, 2018","131.200","131.420","131.670","130.990","-0.16"
"Apr 03, 2018","130.425","130.565","130.995","129.985","-0.59"
"Apr 04, 2018","129.620","130.430","130.540","129.580","-0.62"
"Apr 05, 2018","129.405","129.595","129.865","128.635","-0.17"
"Apr 06, 2018","128.865","129.395","129.515","128.475","-0.42"
"Apr 09, 2018","128.840","128.810","129.450","128.620","-0.02"
"Apr 10, 2018","129.225","129.105","129.925","129.015","0.30"
"Apr 11, 2018","129.400","128.970","129.970","128.850","0.14"
"Apr 12, 2018","129.600","129.410","129.960","129.150","0.15"
"Apr 13, 2018","129.400","129.600","129.740","128.980","-0.15"
"Apr 16, 2018","129.200","129.380","129.550","128.940","-0.15"
"Apr 17, 2018","129.150","129.120","129.610","128.560","-0.04"
"Apr 18, 2018","129.310","129.330","130.040","129.060","0.12"
"Apr 19, 2018","129.420","129.610","130.050","129.260","0.09"
"Apr 20, 2018","129.360","129.240","129.680","128.880","-0.05"
"Apr 23, 2018","129.035","129.525","129.605","129.015","-0.25"
"Apr 24, 2018","129.015","129.095","129.405","128.735","-0.02"
"Apr 25, 2018","128.980","128.970","129.550","128.850","-0.03"
"Apr 26, 2018","129.150","129.010","129.510","128.850","0.13"
"Apr 27, 2018","128.990","129.170","129.330","128.670","-0.12"
"Apr 30, 2018","128.905","128.925","129.265","128.455","-0.07"
"May 01, 2018","128.900","128.890","128.970","128.450","-0.00"
"May 02, 2018","128.050","128.880","128.970","127.450","-0.66"
"May 03, 2018","127.555","128.045","128.145","127.385","-0.39"
"May 04, 2018","127.105","127.555","128.005","127.025","-0.35"
"May 07, 2018","127.170","126.990","127.540","126.830","0.05"
"May 08, 2018","126.925","127.155","127.495","126.775","-0.19"
"May 09, 2018","126.815","126.915","127.305","126.675","-0.09"
"May 10, 2018","126.945","126.865","127.395","126.665","0.10"
"May 11, 2018","127.075","127.005","127.455","126.735","0.10"
"May 14, 2018","127.240","127.120","127.820","126.870","0.13"
"May 15, 2018","127.215","127.225","127.775","127.085","-0.02"
"May 16, 2018","127.220","127.190","127.700","127.010","0.00"
"May 17, 2018","127.300","127.290","127.800","127.180","0.06"
"May 18, 2018","127.370","127.310","127.640","126.960","0.05"
"May 21, 2018","127.130","127.210","127.430","126.790","-0.19"
"May 22, 2018","126.905","127.145","127.375","126.405","-0.18"
"May 23, 2018","126.685","126.875","127.175","126.385","-0.17"
"May 24, 2018","126.600","126.710","127.030","126.390","-0.07"
"May 25, 2018","126.705","126.655","127.085","126.455","0.08"
"May 28, 2018","126.640","126.640","127.490","126.370","-0.05"
"May 29, 2018","126.555","126.645","126.945","126.165","-0.07"
"May 30, 2018","126.350","126.570","126.780","125.830","-0.16"
"May 31, 2018","125.510","126.530","126.620","125.450","-0.66"
"Jun 01, 2018","125.370","125.330","125.880","124.520","-0.11"
"Jun 04, 2018","124.650","125.370","125.820","124.570","-0.57"
"Jun 05, 2018","124.170","124.530","125.070","123.870","-0.39"
"Jun 06, 2018","124.245","124.285","125.245","123.995","0.06"
"Jun 07, 2018","125.730","124.390","126.300","124.340","1.20"
"Jun 08, 2018","127.720","125.840","129.000","125.770","1.58"
"Jun 11, 2018","127.925","127.915","129.895","127.635","0.16"
"Jun 12, 2018","126.945","127.715","128.235","126.605","-0.77"
"Jun 13, 2018","126.250","126.650","127.460","125.310","-0.55"
"Jun 14, 2018","126.185","126.555","126.735","125.635","-0.05"
"Jun 15, 2018","126.130","126.110","126.430","125.910","-0.04"
"Jun 18, 2018","126.010","126.210","126.530","125.790","-0.10"
"Jun 19, 2018","126.010","125.810","126.350","125.150","0.00"
"Jun 20, 2018","125.985","126.025","126.475","125.545","-0.02"
"Jun 21, 2018","126.420","125.860","126.670","125.520","0.35"
"Jun 22, 2018","126.125","126.735","126.935","125.835","-0.23"
"Jun 25, 2018","125.900","126.150","126.730","125.840","-0.18"
"Jun 26, 2018","125.985","125.895","126.765","125.845","0.07"
"Jun 27, 2018","126.100","125.970","126.800","125.940","0.09"
"Jun 28, 2018","126.005","126.115","126.785","125.855","-0.08"
"Jun 29, 2018","126.475","125.985","126.815","125.595","0.37"
"Jul 02, 2018","126.020","125.760","126.330","125.450","-0.36"
"Jul 03, 2018","126.040","126.020","126.490","125.540","0.02"
"Jul 04, 2018","126.185","126.065","126.395","125.555","0.12"
"Jul 05, 2018","126.075","126.175","126.505","125.515","-0.09"
"Jul 06, 2018","126.100","126.070","126.390","125.540","0.02"
"Jul 09, 2018","126.025","126.185","126.605","125.635","-0.06"
"Jul 10, 2018","126.055","126.075","126.345","125.385","0.02"
"Jul 11, 2018","126.070","125.990","126.200","125.500","0.01"
"Jul 12, 2018","126.080","126.090","126.250","125.660","0.01"
"Jul 13, 2018","125.995","126.015","126.215","125.595","-0.07"
"Jul 16, 2018","126.095","126.025","126.215","125.225","0.08"
"Jul 17, 2018","126.090","126.110","126.250","125.380","-0.00"
"Jul 18, 2018","126.060","126.150","126.280","125.570","-0.02"
"Jul 19, 2018","126.075","126.095","126.325","125.495","0.01"
"Jul 20, 2018","125.610","126.480","126.670","125.610","-0.37"
"Jul 23, 2018","125.960","125.220","126.260","125.150","0.28"
"Jul 24, 2018","125.895","126.345","126.735","125.725","-0.05"
"Jul 25, 2018","125.980","125.490","126.260","125.340","0.07"
"Jul 26, 2018","126.155","125.885","126.235","125.145","0.14"
"Jul 27, 2018","126.080","126.240","126.320","125.220","-0.06"
"Jul 30, 2018","125.960","126.080","126.330","125.460","-0.10"
"Jul 31, 2018","125.975","125.965","126.175","125.185","0.01"
"Aug 01, 2018","125.605","126.375","126.445","125.525","-0.29"
"Aug 02, 2018","125.595","125.605","126.365","125.425","-0.01"
"Aug 03, 2018","125.765","125.205","126.055","125.095","0.14"
"Aug 06, 2018","125.675","125.805","125.955","125.385","-0.07"
"Aug 07, 2018","125.665","125.675","125.925","125.285","-0.01"
"Aug 08, 2018","125.680","125.670","125.990","125.340","0.01"
"Aug 09, 2018","125.680","125.680","126.040","125.330","0.00"
"Aug 10, 2018","125.550","125.670","126.000","125.300","-0.10"
"Aug 13, 2018","125.775","125.325","126.165","125.055","0.18"
"Aug 14, 2018","125.695","125.795","126.135","125.365","-0.06"
"Aug 15, 2018","125.780","125.640","126.000","125.470","0.07"
"Aug 16, 2018","125.800","125.800","125.990","125.360","0.02"
"Aug 17, 2018","125.855","126.025","126.115","125.565","0.04"
"Aug 20, 2018","125.540","125.700","125.900","125.280","-0.25"
"Aug 21, 2018","125.550","125.540","125.910","125.390","0.01"
"Aug 22, 2018","125.675","125.555","125.965","125.415","0.10"
"Aug 23, 2018","125.660","125.550","125.970","125.410","-0.01"
"Aug 24, 2018","125.500","126.110","126.550","125.430","-0.13"
"Aug 27, 2018","125.840","125.140","126.090","124.830","0.27"
"Aug 28, 2018","126.000","125.880","126.270","125.190","0.13"
"Aug 29, 2018","126.350","126.000","126.520","125.600","0.28"
"Aug 30, 2018","126.465","126.315","126.665","125.955","0.09"
"Aug 31, 2018","126.480","126.480","126.690","126.020","0.01"
"Sep 03, 2018","126.510","126.400","126.780","125.570","0.02"
"Sep 04, 2018","126.500","126.430","126.730","126.220","-0.01"
"Sep 05, 2018","126.470","126.560","126.670","126.350","-0.02"
"Sep 06, 2018","126.510","126.430","126.760","126.260","0.03"
"Sep 07, 2018","126.610","126.560","126.880","126.300","0.08"
"Sep 10, 2018","126.660","126.680","126.930","126.230","0.04"
"Sep 11, 2018","126.685","126.655","126.965","126.365","0.02"
"Sep 12, 2018","126.870","126.650","127.070","126.260","0.15"
"Sep 13, 2018","126.865","126.895","127.185","126.485","-0.00"
"Sep 14, 2018","126.630","127.290","127.530","126.390","-0.19"
"Sep 17, 2018","126.780","126.130","126.990","126.060","0.12"
"Sep 18, 2018","126.765","126.795","127.005","126.125","-0.01"
"Sep 19, 2018","126.760","126.730","126.960","126.140","-0.00"
"Sep 20, 2018","126.405","127.175","127.315","126.295","-0.28"
"Sep 21, 2018","126.445","126.045","126.735","125.895","0.03"
"Sep 24, 2018","126.575","126.395","126.735","125.845","0.10"
"Sep 25, 2018","126.520","126.560","126.640","125.860","-0.04"
"Sep 26, 2018","126.470","126.460","126.690","126.040","-0.04"
"Sep 27, 2018","126.380","126.520","126.630","125.840","-0.07"
"Sep 28, 2018","126.445","126.295","126.605","126.055","0.05"
"Oct 01, 2018","126.390","126.450","126.680","126.030","-0.04"
"Oct 02, 2018","125.985","126.415","126.465","125.715","-0.32"
"Oct 03, 2018","125.925","126.025","126.295","125.555","-0.05"
"Oct 04, 2018","125.690","125.860","125.990","125.310","-0.19"
"Oct 05, 2018","125.675","125.695","125.915","125.235","-0.01"
"Oct 08, 2018","125.595","125.615","125.785","125.285","-0.06"
"Oct 09, 2018","125.470","125.610","125.680","125.230","-0.10"
"Oct 10, 2018","125.345","125.475","125.665","124.785","-0.10"
"Oct 11, 2018","125.335","125.385","125.605","124.955","-0.01"
"Oct 12, 2018","125.370","125.310","125.640","124.700","0.03"
"Oct 15, 2018","125.430","125.330","125.660","124.830","0.05"
"Oct 16, 2018","125.485","125.435","125.565","124.805","0.04"
"Oct 17, 2018","125.295","125.485","125.595","124.805","-0.15"
"Oct 18, 2018","125.270","125.280","125.430","124.790","-0.02"
"Oct 19, 2018","125.025","125.275","125.475","124.545","-0.20"
"Oct 22, 2018","125.030","124.530","125.370","124.490","0.00"
"Oct 23, 2018","124.815","125.075","125.215","124.375","-0.17"
"Oct 24, 2018","124.695","124.795","125.085","124.485","-0.10"
"Oct 25, 2018","124.600","124.620","124.840","124.150","-0.08"
"Oct 26, 2018","124.770","124.640","124.840","124.060","0.14"
"Oct 29, 2018","124.840","124.760","124.900","124.320","0.06"
"Oct 30, 2018","124.930","124.850","125.090","124.520","0.07"
"Oct 31, 2018","125.130","124.940","125.330","124.710","0.16"
"Nov 01, 2018","125.145","125.145","125.555","124.825","0.01"
"Nov 02, 2018","125.125","125.125","125.295","124.365","-0.02"
"Nov 05, 2018","124.625","125.305","125.475","124.495","-0.40"
"Nov 06, 2018","124.730","124.930","125.540","124.420","0.08"
"Nov 07, 2018","124.800","124.750","125.550","124.670","0.06"
"Nov 08, 2018","124.830","124.490","125.220","124.400","0.02"
"Nov 09, 2018","124.825","124.705","124.985","124.325","-0.00"
"Nov 12, 2018","124.755","124.715","124.795","123.895","-0.06"
"Nov 13, 2018","124.545","124.725","124.755","123.985","-0.17"
"Nov 14, 2018","124.495","124.535","124.745","123.965","-0.04"
"Nov 15, 2018","124.500","124.480","124.950","123.980","0.00"
"Nov 16, 2018","124.455","125.045","125.285","124.405","-0.04"
"Nov 19, 2018","124.525","123.795","124.775","123.645","0.06"
"Nov 20, 2018","124.540","124.510","124.790","123.960","0.01"
"Nov 21, 2018","124.410","124.550","124.720","124.030","-0.10"
"Nov 22, 2018","124.465","124.405","124.835","124.245","0.04"
"Nov 23, 2018","124.380","124.420","124.710","123.800","-0.07"
"Nov 26, 2018","124.420","124.390","124.730","124.200","0.03"
"Nov 27, 2018","124.230","124.570","124.750","123.800","-0.15"
"Nov 28, 2018","124.200","124.610","124.770","124.090","-0.02"
"Nov 29, 2018","124.190","124.220","124.530","124.070","-0.01"
"Nov 30, 2018","124.190","124.190","124.950","124.070","0.00"
"Dec 03, 2018","124.245","123.645","124.495","123.645","0.04"
"Dec 04, 2018","124.295","124.245","124.595","123.625","0.04"
"Dec 05, 2018","124.090","124.260","124.410","123.690","-0.16"
"Dec 06, 2018","123.940","124.110","124.190","123.540","-0.12"
"Dec 07, 2018","123.605","123.975","124.125","123.295","-0.27"
"Dec 10, 2018","123.400","124.480","124.940","123.330","-0.17"
"Dec 11, 2018","123.750","122.740","123.910","122.640","0.28"
"Dec 12, 2018","123.710","123.720","123.900","123.320","-0.03"
"Dec 13, 2018","123.495","123.695","124.075","123.115","-0.17"
"Dec 14, 2018","123.530","123.940","124.110","123.450","0.03"
"Dec 17, 2018","123.125","122.995","123.525","122.855","-0.33"
"Dec 18, 2018","123.210","123.510","123.840","123.140","0.07"
"Dec 19, 2018","122.975","122.855","123.405","122.755","-0.19"
"Dec 20, 2018","122.965","122.965","123.235","122.705","-0.01"
"Dec 21, 2018","122.800","123.430","123.700","122.650","-0.13"
"Dec 24, 2018","122.605","122.765","123.465","122.455","-0.16"
"Dec 25, 2018","122.605","122.615","122.895","122.425","0.00"
"Dec 26, 2018","122.670","122.140","122.990","122.020","0.05"
"Dec 27, 2018","123.435","122.835","123.755","122.375","0.62"
"Dec 28, 2018","123.500","123.720","124.120","123.360","0.05"
"Dec 31, 2018","123.965","123.595","124.195","123.365","0.38"
"Jan 01, 2019","123.900","123.920","124.810","123.480","-0.05"
"Jan 02, 2019","122.395","124.025","124.385","122.305","-1.21"
"Jan 03, 2019","123.550","121.850","123.900","121.460","0.94"
"Jan 04, 2019","123.575","123.475","123.965","123.065","0.02"
"Jan 07, 2019","123.690","123.540","123.970","123.150","0.09"
"Jan 08, 2019","124.100","123.710","124.280","123.220","0.33"
"Jan 09, 2019","124.705","124.455","125.055","123.885","0.49"
"Jan 10, 2019","125.145","124.635","125.665","124.385","0.35"
"Jan 11, 2019","125.725","125.265","126.225","124.955","0.46"
"Jan 14, 2019","125.360","125.590","126.030","125.110","-0.29"
"Jan 15, 2019","124.620","125.250","125.560","124.350","-0.59"
"Jan 16, 2019","124.430","124.610","124.940","124.000","-0.15"
"Jan 17, 2019","124.610","124.660","124.950","123.980","0.14"
"Jan 18, 2019","124.550","124.640","124.810","124.070","-0.05"
"Jan 21, 2019","124.255","124.145","124.575","123.715","-0.24"
"Jan 22, 2019","124.640","124.210","124.940","124.050","0.31"
"Jan 23, 2019","124.760","124.630","125.030","124.370","0.10"
"Jan 24, 2019","124.575","125.255","125.415","124.435","-0.15"
"Jan 25, 2019","124.065","124.575","125.145","123.915","-0.41"
"Jan 28, 2019","124.620","123.570","124.900","123.490","0.45"
"Jan 29, 2019","124.740","124.970","125.280","124.620","0.10"
"Jan 30, 2019","124.600","124.420","124.940","124.270","-0.11"
"Jan 31, 2019","124.620","124.610","124.960","124.220","0.02"
"Feb 01, 2019","124.540","124.770","125.220","124.350","-0.06"
"Feb 04, 2019","124.650","124.270","124.860","123.990","0.09"
"Feb 05, 2019","124.415","124.565","124.755","123.875","-0.19"
"Feb 06, 2019","124.145","124.525","124.685","123.975","-0.22"
"Feb 07, 2019","124.230","124.080","124.550","123.980","0.07"
"Feb 08, 2019","124.005","124.615","124.935","123.875","-0.18"
"Feb 11, 2019","124.230","123.530","124.450","123.350","0.18"
"Feb 12, 2019","124.445","124.355","124.875","123.995","0.17"
"Feb 13, 2019","124.350","124.320","124.690","124.000","-0.08"
"Feb 14, 2019","124.375","124.395","124.605","124.045","0.02"
"Feb 15, 2019","124.360","124.370","124.600","124.020","-0.01"
"Feb 18, 2019","124.370","124.290","124.760","124.100","0.01"
"Feb 19, 2019","124.410","124.360","124.850","124.080","0.03"
"Feb 20, 2019","124.475","124.435","124.785","123.765","0.05"
"Feb 21, 2019","124.450","124.470","124.850","124.100","-0.02"
"Feb 22, 2019","124.685","124.455","124.935","124.205","0.19"
"Feb 25, 2019","124.795","124.625","124.915","124.345","0.09"
"Feb 26, 2019","125.320","125.030","125.720","124.590","0.42"
"Feb 27, 2019","125.855","125.135","126.145","124.525","0.43"
"Feb 28, 2019","125.705","125.985","126.375","125.245","-0.12"
"Mar 01, 2019","125.400","126.130","126.250","125.240","-0.24"
"Mar 04, 2019","124.805","124.935","125.165","124.215","-0.47"
"Mar 05, 2019","124.695","124.795","124.945","124.225","-0.09"
"Mar 06, 2019","124.680","124.680","124.860","124.190","-0.01"
"Mar 07, 2019","124.665","124.725","124.945","124.245","-0.01"
"Mar 08, 2019","124.260","124.660","125.010","124.295","-0.32"
"Mar 11, 2019","124.200","124.575","124.880","124.280","-0.05"
"Mar 12, 2019","124.440","124.570","125.145","124.375","0.19"
"Mar 13, 2019","124.270","124.795","125.200","124.565","-0.14"
"Mar 14, 2019","124.320","124.815","125.045","124.480","0.04"
"Mar 15, 2019","124.370","124.680","125.225","124.595","0.04"
"Mar 18, 2019","124.370","124.870","125.320","124.675","0.00"
"Mar 19, 2019","124.340","124.900","125.250","124.630","-0.02"
"Mar 20, 2019","124.870","124.890","125.950","124.670","0.43"
"Mar 21, 2019","124.810","125.280","125.595","124.885","-0.05"
"Mar 22, 2019","124.765","125.195","125.345","124.000","-0.04"
"Mar 25, 2019","124.780","124.760","125.930","124.340","0.01"
"Mar 26, 2019","124.430","125.110","125.595","124.720","-0.28"
"Mar 27, 2019","124.820","125.070","125.655","124.720","0.31"
"Mar 28, 2019","124.660","125.290","125.735","124.690","-0.13"
"Mar 29, 2019","124.780","125.295","125.745","125.030","0.10"
"Apr 01, 2019","124.960","125.245","125.605","124.945","0.14"
"Apr 02, 2019","124.620","125.255","125.520","124.865","-0.27"
"Apr 03, 2019","124.690","125.160","125.590","124.730","0.06"
"Apr 04, 2019","124.760","125.210","125.520","124.875","0.06"
"Apr 05, 2019","124.510","125.135","125.480","124.765","-0.20"
"Apr 08, 2019","124.380","125.125","125.300","124.660","-0.10"
"Apr 09, 2019","124.230","124.855","125.225","124.465","-0.12"
"Apr 10, 2019","124.120","124.835","125.065","124.130","-0.09"
"Apr 11, 2019","123.320","124.405","125.030","123.425","-0.64"
"Apr 12, 2019","122.980","123.890","124.500","123.065","-0.28"
"Apr 15, 2019","123.530","123.855","124.740","123.765","0.45"
"Apr 16, 2019","123.970","124.435","124.785","123.610","0.36"
"Apr 17, 2019","123.990","124.480","124.860","124.085","0.02"
"Apr 18, 2019","123.500","124.515","124.835","123.690","-0.40"
"Apr 19, 2019","123.230","124.060","124.590","123.445","-0.22"
"Apr 22, 2019","124.245","124.095","124.340","123.995","0.82"
"Apr 23, 2019","123.270","124.225","124.385","123.155","-0.78"
"Apr 24, 2019","122.850","123.665","124.095","123.305","-0.34"
"Apr 25, 2019","122.850","123.805","124.025","122.685","0.00"
"Apr 26, 2019","123.310","123.735","123.920","122.865","0.37"
"Apr 29, 2019","123.725","123.345","123.780","123.215","0.34"
"Apr 30, 2019","123.320","123.725","123.965","122.985","-0.33"
"May 01, 2019","123.080","123.335","123.860","122.990","-0.19"
"May 02, 2019","123.130","123.155","123.820","122.825","0.04"
"May 03, 2019","123.140","123.550","123.855","123.020","0.01"
"May 06, 2019","123.020","123.575","123.885","123.025","-0.10"
"May 07, 2019","123.170","123.445","123.905","123.090","0.12"
"May 08, 2019","122.730","123.530","123.935","123.110","-0.36"
"May 09, 2019","122.780","123.605","123.925","123.070","0.04"
"May 10, 2019","122.830","123.745","123.905","123.040","0.04"
"May 13, 2019","123.090","123.415","123.875","123.065","0.21"
"May 14, 2019","123.110","123.425","123.665","123.015","0.02"
"May 15, 2019","122.880","123.465","123.675","122.925","-0.19"
"May 16, 2019","122.230","123.215","123.540","122.635","-0.53"
"May 17, 2019","122.020","122.990","123.335","122.505","-0.17"
"May 20, 2019","122.410","122.795","123.265","122.320","0.32"
"May 21, 2019","122.110","122.845","122.985","122.260","-0.25"
"May 22, 2019","121.870","122.645","122.755","122.030","-0.20"
"May 23, 2019","121.390","122.345","122.695","121.870","-0.39"
"May 24, 2019","121.970","122.220","122.880","121.775","0.48"
"May 27, 2019","121.780","122.375","123.040","122.105","-0.16"
"May 28, 2019","121.830","122.500","123.365","122.270","0.04"
"May 29, 2019","122.260","122.545","123.305","122.430","0.35"
"May 30, 2019","122.270","122.760","123.215","122.540","0.01"
"May 31, 2019","122.120","122.800","122.985","122.320","-0.12"
"Jun 03, 2019","121.740","122.525","122.815","121.995","-0.31"
"Jun 04, 2019","121.750","122.235","122.540","122.000","0.01"
"Jun 05, 2019","121.540","122.235","122.645","121.885","-0.17"
"Jun 06, 2019","121.380","122.375","122.750","121.735","-0.13"
"Jun 07, 2019","121.480","122.100","122.810","121.815","0.08"
"Jun 10, 2019","121.500","122.130","122.360","121.675","0.02"
"Jun 11, 2019","121.380","121.960","122.320","121.510","-0.10"
"Jun 12, 2019","121.390","121.785","122.310","121.585","0.01"
"Jun 13, 2019","121.450","121.730","122.385","121.640","0.05"
"Jun 14, 2019","121.460","121.975","122.315","121.605","0.01"
"Jun 17, 2019","121.270","121.990","122.215","121.460","-0.16"
"Jun 18, 2019","122.285","121.695","122.555","121.345","0.84"
"Jun 19, 2019","120.940","122.275","122.405","121.275","-1.10"
"Jun 20, 2019","121.210","121.680","121.985","121.345","0.22"
"Jun 21, 2019","121.090","121.640","122.245","121.395","-0.10"
"Jun 24, 2019","120.890","121.870","122.325","121.385","-0.17"
"Jun 25, 2019","121.390","121.605","122.220","121.330","0.41"
"Jun 26, 2019","121.430","121.840","122.280","121.645","0.03"
"Jun 27, 2019","122.010","121.875","122.900","121.670","0.48"
"Jun 28, 2019","122.170","122.450","123.035","122.320","0.13"
"Jul 01, 2019","121.660","122.630","122.835","122.040","-0.42"
"Jul 02, 2019","121.630","122.390","122.650","121.815","-0.02"
"Jul 03, 2019","121.180","122.045","122.430","121.655","-0.37"
"Jul 04, 2019","121.180","121.905","122.425","121.670","0.00"
"Jul 05, 2019","121.010","121.900","122.265","121.420","-0.14"
"Jul 08, 2019","121.010","121.710","122.195","121.480","0.00"
"Jul 09, 2019","121.380","121.755","122.180","121.495","0.31"
"Jul 10, 2019","121.370","121.835","122.225","121.535","-0.01"
"Jul 11, 2019","121.410","122.005","122.365","121.545","0.03"
"Jul 12, 2019","121.050","121.905","122.225","121.550","-0.30"
"Jul 15, 2019","121.500","121.780","122.290","121.545","0.37"
"Jul 16, 2019","121.510","121.995","122.365","121.610","0.01"
"Jul 17, 2019","121.770","122.005","122.435","121.855","0.21"
"Jul 18, 2019","121.510","122.155","122.560","121.780","-0.21"
"Jul 19, 2019","121.830","122.255","122.700","121.960","0.26"
"Jul 22, 2019","121.420","122.275","122.530","121.750","-0.34"
"Jul 23, 2019","121.390","122.145","122.485","121.460","-0.02"
"Jul 24, 2019","121.110","122.105","122.270","121.335","-0.23"
"Jul 25, 2019","121.250","121.860","122.160","121.305","0.12"
"Jul 26, 2019","121.040","121.715","122.075","121.335","-0.17"
"Jul 29, 2019","121.190","121.835","122.140","121.345","0.12"
"Jul 30, 2019","121.190","121.660","122.040","121.305","0.00"
"Jul 31, 2019","121.140","121.665","121.980","121.140","-0.04"
"Aug 01, 2019","120.940","121.605","122.065","121.075","-0.17"
"Aug 02, 2019","120.800","121.460","121.855","120.825","-0.12"
"Aug 05, 2019","120.210","121.475","121.810","120.425","-0.49"
"Aug 06, 2019","120.270","120.745","121.410","120.265","0.05"
"Aug 07, 2019","120.590","120.845","121.465","120.535","0.27"
"Aug 08, 2019","120.710","121.140","121.745","120.790","0.10"
"Aug 09, 2019","120.520","121.460","121.655","120.660","-0.16"
"Aug 12, 2019","120.990","121.060","121.375","120.545","0.39"
"Aug 13, 2019","120.440","121.000","121.615","120.020","-0.45"
"Aug 14, 2019","120.550","120.970","121.465","120.535","0.09"
"Aug 15, 2019","120.200","121.065","121.485","120.755","-0.29"
"Aug 16, 2019","120.340","120.940","121.335","120.605","0.12"
"Aug 19, 2019","120.410","120.910","121.390","120.705","0.06"
"Aug 20, 2019","120.490","121.155","121.485","120.425","0.07"
"Aug 21, 2019","120.720","121.030","121.525","120.775","0.19"
"Aug 22, 2019","120.850","121.185","121.450","120.765","0.11"
"Aug 23, 2019","120.680","121.040","121.400","120.620","-0.14"
"Aug 26, 2019","120.350","121.120","121.655","120.755","-0.27"
"Aug 27, 2019","121.110","121.085","121.915","120.915","0.63"
"Aug 28, 2019","121.370","121.590","122.450","121.225","0.21"
"Aug 29, 2019","121.700","122.090","122.520","121.705","0.27"
"Aug 30, 2019","121.870","122.200","122.425","121.730","0.14"
"Sep 02, 2019","121.470","122.140","122.355","121.755","-0.33"
"Sep 03, 2019","121.380","121.990","122.275","121.690","-0.07"
"Sep 04, 2019","121.340","121.890","122.210","121.255","-0.03"
"Sep 05, 2019","121.350","121.840","121.935","121.505","0.01"
"Sep 06, 2019","121.190","121.850","122.080","121.375","-0.13"
"Sep 09, 2019","121.060","121.640","121.925","121.280","-0.11"
"Sep 10, 2019","121.110","121.405","121.855","121.200","0.04"
"Sep 11, 2019","121.000","121.590","121.845","121.235","-0.09"
"Sep 12, 2019","120.970","121.495","122.030","121.030","-0.02"
"Sep 13, 2019","121.420","121.480","121.825","120.965","0.37"
"Sep 16, 2019","120.860","121.555","121.900","120.835","-0.46"
"Sep 17, 2019","120.740","121.210","121.595","120.905","-0.10"
"Sep 18, 2019","120.880","121.115","121.445","120.650","0.12"
"Sep 19, 2019","120.870","121.175","121.600","120.950","-0.01"
"Sep 20, 2019","120.940","121.230","121.720","121.050","0.06"
"Sep 23, 2019","120.650","121.285","121.790","121.020","-0.24"
"Sep 24, 2019","121.350","121.360","121.955","121.075","0.58"
"Sep 25, 2019","121.230","121.685","121.970","121.270","-0.10"
"Sep 26, 2019","121.540","121.465","122.185","121.005","0.26"
"Sep 27, 2019","121.410","121.530","122.145","121.155","-0.11"
"Sep 30, 2019","121.870","121.900","122.515","121.385","0.38"
"Oct 01, 2019","121.800","122.230","122.535","121.885","-0.06"
"Oct 02, 2019","122.260","122.175","122.905","121.825","0.38"
"Oct 03, 2019","122.330","122.570","123.080","122.320","0.06"
"Oct 04, 2019","122.240","122.620","122.885","122.275","-0.07"
"Oct 07, 2019","122.220","122.530","122.885","122.220","-0.02"
"Oct 08, 2019","122.350","122.605","122.995","122.285","0.11"
"Oct 09, 2019","122.440","122.700","123.285","122.455","0.07"
"Oct 10, 2019","122.770","122.840","123.565","122.650","0.27"
"Oct 11, 2019","122.800","123.180","123.595","122.810","0.02"
"Oct 14, 2019","122.800","123.225","123.640","122.850","0.00"
"Oct 15, 2019","122.440","123.180","123.855","122.945","-0.29"
"Oct 16, 2019","123.350","123.120","123.885","122.950","0.74"
"Oct 17, 2019","123.610","123.680","124.340","123.275","0.21"
"Oct 18, 2019","123.140","123.965","124.385","123.395","-0.38"
"Oct 21, 2019","123.150","123.630","124.175","123.175","0.01"
"Oct 22, 2019","123.120","123.450","123.675","122.920","-0.02"
"Oct 23, 2019","122.860","123.410","123.565","122.820","-0.21"
"Oct 24, 2019","122.980","123.205","123.665","122.905","0.10"
"Oct 25, 2019","122.920","123.305","123.675","123.035","-0.05"
"Oct 28, 2019","123.130","123.350","123.735","123.000","0.17"
"Oct 29, 2019","123.110","123.505","123.705","123.005","-0.02"
"Oct 30, 2019","123.010","123.400","123.575","122.910","-0.08"
"Oct 31, 2019","122.650","123.320","123.980","122.935","-0.29"
"Nov 01, 2019","123.040","123.230","123.880","122.885","0.32"
"Nov 04, 2019","122.240","123.280","123.535","122.660","-0.65"
"Nov 05, 2019","122.760","122.905","123.455","122.560","0.43"
"Nov 06, 2019","122.870","123.095","123.390","122.795","0.09"
"Nov 07, 2019","122.850","123.160","123.460","122.835","-0.02"
"Nov 08, 2019","122.820","123.180","123.400","122.880","-0.02"
"Nov 11, 2019","122.810","123.165","123.385","122.805","-0.01"
"Nov 12, 2019","122.710","123.090","123.365","122.560","-0.08"
"Nov 13, 2019","122.620","123.010","123.170","122.565","-0.07"
"Nov 14, 2019","122.580","122.895","123.170","122.500","-0.03"
"Nov 15, 2019","122.945","122.905","123.280","122.280","0.30"
"Nov 18, 2019","122.460","122.945","123.320","122.280","-0.39"
"Nov 19, 2019","122.380","122.805","123.260","122.330","-0.07"
"Nov 20, 2019","122.390","122.700","123.065","122.245","0.01"
"Nov 21, 2019","122.420","122.730","123.120","122.300","0.02"
"Nov 22, 2019","122.280","122.760","123.295","122.230","-0.11"
"Nov 25, 2019","121.580","122.625","122.950","122.130","-0.57"
"Nov 26, 2019","121.830","122.480","123.050","122.100","0.21"
"Nov 27, 2019","122.360","122.680","123.160","122.155","0.44"
"Nov 28, 2019","122.350","122.670","122.790","122.580","-0.01"
"Nov 29, 2019","122.490","122.670","123.030","122.560","0.11"
"Dec 02, 2019","122.370","122.775","123.280","122.295","-0.10"
"Dec 03, 2019","122.410","122.705","123.215","122.345","0.03"
"Dec 04, 2019","122.420","122.755","123.050","122.345","0.01"
"Dec 05, 2019","122.380","122.770","123.190","122.345","-0.03"
"Dec 06, 2019","122.290","122.695","122.825","122.215","-0.07"
"Dec 09, 2019","122.510","122.595","123.595","122.565","0.18"
"Dec 10, 2019","122.270","123.410","123.520","122.250","-0.20"
"Dec 11, 2019","122.320","122.600","123.035","122.250","0.04"
"Dec 12, 2019","122.240","122.660","123.115","122.125","-0.07"
"Dec 13, 2019","121.920","122.590","123.015","122.100","-0.26"
"Dec 16, 2019","121.990","122.450","122.875","122.005","0.06"
"Dec 17, 2019","121.750","122.390","122.550","121.790","-0.20"
"Dec 18, 2019","121.890","122.195","122.380","121.590","0.11"
"Dec 19, 2019","121.740","121.890","122.480","121.525","-0.12"
"Dec 20, 2019","121.410","122.125","122.185","121.465","-0.27"
"Dec 23, 2019","121.260","122.005","122.070","121.285","-0.12"
"Dec 24, 2019","121.310","121.630","121.845","121.260","0.04"
"Dec 25, 2019","121.290","121.690","121.795","121.570","-0.02"
"Dec 26, 2019","121.805","121.665","122.340","121.255","0.42"
"Dec 27, 2019","121.670","121.780","122.500","121.475","-0.11"
"Dec 30, 2019","121.470","122.070","122.465","121.545","-0.16"
"Dec 31, 2019","121.290","121.885","122.090","121.520","-0.15"
"Jan 01, 2020","121.290","121.710","121.825","121.630","0.00"
"Jan 02, 2020","120.660","121.705","121.865","121.045","-0.52"
"Jan 03, 2020","121.210","121.160","122.185","120.940","0.46"
"Jan 06, 2020","121.660","121.815","122.335","121.635","0.37"
"Jan 07, 2020","121.800","122.165","122.630","121.830","0.12"
"Jan 08, 2020","121.870","122.190","122.500","121.835","0.06"
"Jan 09, 2020","121.880","122.255","122.445","121.830","0.01"
"Jan 10, 2020","121.680","122.280","122.320","121.530","-0.16"
"Jan 13, 2020","121.590","122.125","122.260","121.600","-0.07"
"Jan 14, 2020","121.530","122.000","122.195","121.500","-0.05"
"Jan 15, 2020","121.610","121.940","122.355","121.560","0.07"
"Jan 16, 2020","121.760","122.040","122.505","121.815","0.12"
"Jan 17, 2020","121.850","122.180","122.455","121.925","0.07"
"Jan 20, 2020","121.810","122.285","122.420","121.920","-0.03"
"Jan 21, 2020","121.750","122.255","122.330","121.850","-0.05"
"Jan 22, 2020","121.790","122.185","122.325","121.770","0.03"
"Jan 23, 2020","121.590","122.240","122.325","121.685","-0.16"
"Jan 24, 2020","121.550","122.040","122.290","121.600","-0.03"
"Jan 27, 2020","121.830","121.830","122.550","121.655","0.23"
"Jan 28, 2020","122.210","122.250","122.925","121.985","0.31"
"Jan 29, 2020","121.970","122.645","122.810","121.985","-0.20"
"Jan 30, 2020","121.550","122.405","122.695","121.820","-0.34"
"Jan 31, 2020","121.670","122.235","122.530","121.725","0.10"
"Feb 03, 2020","121.490","122.115","122.265","121.635","-0.15"
"Feb 04, 2020","121.610","121.960","122.410","121.710","0.10"
"Feb 05, 2020","121.660","121.995","122.260","121.655","0.04"
"Feb 06, 2020","121.610","122.140","122.230","121.650","-0.04"
"Feb 07, 2020","121.640","122.055","122.210","121.640","0.02"
"Feb 10, 2020","121.610","122.090","122.265","121.635","-0.02"
"Feb 11, 2020","121.510","121.980","122.280","121.575","-0.08"
"Feb 12, 2020","121.520","121.960","122.265","121.595","0.01"
"Feb 13, 2020","121.640","121.980","122.310","121.700","0.10"
"Feb 14, 2020","121.700","122.060","122.560","121.455","0.05"
"Feb 17, 2020","122.000","122.155","122.795","121.795","0.25"
"Feb 18, 2020","121.510","122.475","122.615","121.910","-0.40"
"Feb 19, 2020","121.770","121.945","122.540","121.890","0.21"
"Feb 20, 2020","121.850","122.225","122.570","122.015","0.07"
"Feb 21, 2020","121.820","122.315","122.615","121.915","-0.02"
"Feb 24, 2020","121.790","122.235","122.605","121.665","-0.02"
"Feb 25, 2020","121.800","122.250","122.700","121.940","0.01"
"Feb 26, 2020","122.010","122.255","122.835","122.080","0.17"
"Feb 27, 2020","122.240","122.495","122.960","122.165","0.19"
"Feb 28, 2020","122.540","122.625","123.370","122.420","0.25"
"Mar 02, 2020","122.440","122.905","123.705","122.465","-0.08"
"Mar 03, 2020","122.390","122.890","123.605","122.500","-0.04"
"Mar 04, 2020","122.510","122.835","123.230","122.275","0.10"
"Mar 05, 2020","122.480","122.965","123.525","122.540","-0.02"
"Mar 06, 2020","121.710","122.945","123.385","122.285","-0.63"
"Mar 09, 2020","122.560","122.460","124.650","122.285","0.70"
"Mar 10, 2020","123.155","123.295","123.605","122.240","0.49"
"Mar 11, 2020","123.205","123.160","123.590","122.445","0.04"
"Mar 12, 2020","122.480","123.205","123.900","122.335","-0.59"
"Mar 13, 2020","121.160","123.150","123.560","121.070","-1.08"
"Mar 16, 2020","121.870","121.385","123.050","120.950","0.59"
"Mar 17, 2020","122.210","122.390","123.580","122.000","0.28"
"Mar 18, 2020","123.090","122.895","123.575","122.315","0.72"
"Mar 19, 2020","123.125","123.090","123.740","122.320","0.03"
"Mar 20, 2020","122.230","123.125","123.805","122.165","-0.73"
"Mar 23, 2020","122.730","122.840","124.065","122.030","0.41"
"Mar 24, 2020","123.590","122.760","124.475","122.490","0.70"
"Mar 25, 2020","124.545","124.090","125.115","123.680","0.77"
"Mar 26, 2020","126.735","124.535","127.340","124.170","1.76"
"Mar 27, 2020","130.580","126.735","130.645","125.270","3.03"
"Mar 30, 2020","130.655","130.515","132.500","127.450","0.06"
"Mar 31, 2020","130.445","130.625","131.385","127.955","-0.16"
"Apr 01, 2020","127.625","130.445","130.545","127.120","-2.16"
"Apr 02, 2020","127.855","127.625","128.385","126.440","0.18"
"Apr 03, 2020","125.855","127.855","128.195","125.255","-1.56"
"Apr 06, 2020","125.580","126.035","126.920","124.420","-0.22"
"Apr 07, 2020","125.450","125.580","127.560","125.315","-0.10"
"Apr 08, 2020","126.440","126.330","127.225","125.880","0.79"
"Apr 09, 2020","126.430","126.430","127.885","125.930","-0.01"
"Apr 10, 2020","125.740","127.170","127.345","126.120","-0.55"
"Apr 13, 2020","127.240","126.645","127.820","126.015","1.19"
"Apr 14, 2020","125.250","127.250","127.685","124.610","-1.56"
"Apr 15, 2020","124.940","125.905","126.070","125.190","-0.25"
"Apr 16, 2020","125.050","125.675","126.800","125.030","0.09"
"Apr 17, 2020","123.820","125.690","125.995","124.385","-0.98"
"Apr 20, 2020","125.045","124.635","125.245","124.250","0.99"
"Apr 21, 2020","124.610","125.035","125.300","123.925","-0.35"
"Apr 22, 2020","123.720","124.600","125.055","124.215","-0.71"
"Apr 23, 2020","123.770","124.605","125.800","124.225","0.04"
"Apr 24, 2020","124.995","124.555","125.660","124.030","0.99"
"Apr 27, 2020","123.420","124.840","125.425","122.955","-1.26"
"Apr 28, 2020","123.550","123.410","124.935","122.975","0.11"
"Apr 29, 2020","123.670","123.545","124.765","123.035","0.10"
"Apr 30, 2020","122.780","123.640","124.855","122.995","-0.72"
"May 01, 2020","122.400","123.450","125.010","123.160","-0.31"
"May 04, 2020","122.830","123.450","124.920","122.820","0.35"
"May 05, 2020","122.860","123.670","125.025","123.250","0.02"
"May 06, 2020","123.540","123.745","125.440","123.350","0.55"
"May 07, 2020","123.640","124.315","125.655","124.020","0.08"
"May 08, 2020","123.620","124.500","125.810","124.055","-0.02"
"May 11, 2020","123.430","124.415","125.665","123.875","-0.15"
"May 12, 2020","123.370","124.250","125.435","123.520","-0.05"
"May 13, 2020","122.860","124.100","125.065","123.175","-0.41"
"May 14, 2020","122.840","123.645","124.630","122.985","-0.02"
"May 15, 2020","122.790","123.450","124.715","122.685","-0.04"
"May 18, 2020","122.880","123.400","123.970","123.120","0.07"
"May 19, 2020","122.900","123.550","124.590","123.255","0.02"
"May 20, 2020","123.010","123.730","124.255","123.410","0.09"
"May 21, 2020","123.030","123.690","124.180","123.000","0.02"
"May 22, 2020","123.100","123.735","124.300","123.335","0.06"
"May 25, 2020","123.100","123.840","123.985","123.475","0.00"
"May 26, 2020","123.330","123.805","124.660","123.500","0.19"
"May 27, 2020","123.170","124.080","124.745","123.585","-0.13"
"May 28, 2020","123.250","123.895","124.835","123.685","0.06"
"May 29, 2020","123.150","124.000","124.875","123.815","-0.08"
"Jun 01, 2020","123.420","123.990","124.855","123.805","0.22"
"Jun 02, 2020","123.560","124.345","124.905","123.820","0.11"
"Jun 03, 2020","123.510","124.165","124.730","123.725","-0.04"
"Jun 04, 2020","123.430","124.110","124.930","123.645","-0.06"
"Jun 05, 2020","123.320","124.040","124.630","123.710","-0.09"
"Jun 08, 2020","124.015","123.965","124.940","123.705","0.56"
"Jun 09, 2020","123.530","124.045","124.785","123.655","-0.39"
"Jun 10, 2020","123.550","124.170","124.710","123.955","0.02"
"Jun 11, 2020","122.440","124.255","124.935","122.965","-0.90"
"Jun 12, 2020","123.670","123.095","124.660","122.840","1.00"
"Jun 15, 2020","123.580","124.235","124.740","123.890","-0.07"
"Jun 16, 2020","123.590","124.195","124.625","123.930","0.01"
"Jun 17, 2020","123.840","124.200","124.720","123.980","0.20"
"Jun 18, 2020","123.490","124.370","124.925","123.905","-0.28"
"Jun 19, 2020","123.640","124.235","124.735","123.970","0.12"
"Jun 22, 2020","123.670","124.320","124.665","123.920","0.02"
"Jun 23, 2020","123.540","124.225","124.640","123.720","-0.11"
"Jun 24, 2020","123.750","124.095","124.635","123.820","0.17"
"Jun 25, 2020","123.790","124.290","124.645","123.825","0.03"
"Jun 26, 2020","123.750","124.370","124.815","123.835","-0.03"
"Jun 29, 2020","123.700","124.395","124.850","123.995","-0.04"
"Jun 30, 2020","123.730","124.245","124.715","123.985","0.02"
"Jul 01, 2020","123.690","124.285","124.660","124.055","-0.03"
"Jul 02, 2020","123.630","124.235","124.635","124.020","-0.05"
"Jul 03, 2020","123.690","124.190","124.875","123.835","0.05"
"Jul 06, 2020","123.600","124.145","124.720","123.865","-0.07"
"Jul 07, 2020","123.530","124.115","124.470","123.765","-0.06"
"Jul 08, 2020","123.490","124.075","124.500","123.800","-0.03"
"Jul 09, 2020","123.550","124.020","124.480","123.690","0.05"
"Jul 10, 2020","123.480","124.050","124.585","123.440","-0.06"
"Jul 13, 2020","123.440","124.015","124.475","123.710","-0.03"
"Jul 14, 2020","123.320","123.985","124.705","123.590","-0.10"
"Jul 15, 2020","123.720","123.890","124.645","123.775","0.32"
"Jul 16, 2020","123.640","124.175","124.620","123.790","-0.06"
"Jul 17, 2020","123.490","124.170","124.535","123.940","-0.12"
"Jul 20, 2020","123.410","123.845","124.615","123.665","-0.06"
"Jul 21, 2020","123.130","124.060","124.360","123.495","-0.23"
"Jul 22, 2020","123.030","123.810","124.170","123.415","-0.08"
"Jul 23, 2020","123.170","123.770","124.115","123.455","0.11"
"Jul 24, 2020","123.160","123.805","124.520","123.510","-0.01"
"Jul 27, 2020","123.200","123.680","124.520","123.390","0.03"
"Jul 28, 2020","123.180","123.805","124.180","123.450","-0.02"
"Jul 29, 2020","123.340","123.810","124.425","123.535","0.13"
"Jul 30, 2020","123.490","123.975","124.560","123.590","0.12"
"Jul 31, 2020","123.330","124.155","124.875","123.870","-0.13"
"Aug 03, 2020","123.030","124.020","124.165","123.145","-0.24"
"Aug 04, 2020","122.940","123.535","123.845","123.065","-0.07"
"Aug 05, 2020","122.990","123.485","125.255","123.080","0.04"
"Aug 06, 2020","124.890","123.535","125.245","123.235","1.54"
"Aug 07, 2020","123.250","124.895","125.325","123.165","-1.31"
"Aug 10, 2020","123.260","123.790","124.160","123.390","0.01"
"Aug 11, 2020","123.340","123.755","124.330","123.455","0.06"
"Aug 12, 2020","123.420","123.820","125.750","123.530","0.06"
"Aug 13, 2020","123.220","123.930","124.370","123.465","-0.16"
"Aug 14, 2020","123.340","124.090","126.480","123.260","0.10"
"Aug 17, 2020","123.400","123.815","124.605","123.565","0.05"
"Aug 18, 2020","123.080","123.895","124.335","123.485","-0.26"
"Aug 19, 2020","123.040","123.890","124.205","123.440","-0.03"
"Aug 20, 2020","123.230","123.875","124.275","123.335","0.15"
"Aug 21, 2020","123.250","123.735","124.015","123.165","0.02"
"Aug 24, 2020","123.450","123.650","124.305","123.195","0.16"
"Aug 25, 2020","123.420","124.170","124.665","123.415","-0.02"
"Aug 26, 2020","123.640","124.150","124.645","123.755","0.18"
"Aug 27, 2020","123.600","124.225","124.655","123.530","-0.03"
"Aug 28, 2020","123.730","124.120","124.570","123.780","0.11"
"Aug 31, 2020","123.700","124.185","124.715","123.660","-0.02"
"Sep 01, 2020","123.690","124.170","124.800","123.680","-0.01"
"Sep 02, 2020","123.640","124.180","124.595","123.840","-0.04"
"Sep 03, 2020","123.720","124.110","124.705","123.755","0.06"
"Sep 04, 2020","123.640","124.220","124.475","123.815","-0.06"
"Sep 07, 2020","123.690","124.115","124.285","124.020","0.04"
"Sep 08, 2020","123.510","124.205","124.340","123.695","-0.15"
"Sep 09, 2020","123.640","124.090","124.580","123.735","0.11"
"Sep 10, 2020","123.620","124.100","124.490","123.805","-0.02"
"Sep 11, 2020","123.590","124.115","124.465","123.480","-0.02"
"Sep 14, 2020","123.660","124.080","124.420","123.765","0.06"
"Sep 15, 2020","123.370","124.085","124.450","123.675","-0.23"
"Sep 16, 2020","123.590","124.190","124.555","123.725","0.18"
"Sep 17, 2020","123.640","124.200","124.480","123.680","0.04"
"Sep 18, 2020","123.630","124.120","124.485","123.700","-0.01"
"Sep 21, 2020","123.460","124.130","124.435","123.680","-0.14"
"Sep 22, 2020","123.430","124.145","124.535","123.340","-0.02"
"Sep 23, 2020","123.390","123.895","124.185","123.475","-0.03"
"Sep 24, 2020","123.290","123.760","124.350","123.250","-0.08"
"Sep 25, 2020","123.290","123.720","124.180","123.405","0.00"
"Sep 28, 2020","123.500","123.845","124.370","123.495","0.17"
"Sep 29, 2020","123.540","123.960","124.520","123.750","0.03"
"Sep 30, 2020","123.570","123.985","124.500","123.815","0.02"
"Oct 01, 2020","123.600","124.035","124.490","123.635","0.02"
"Oct 02, 2020","123.250","124.095","124.440","123.650","-0.28"
"Oct 05, 2020","123.620","124.040","124.465","123.690","0.30"
"Oct 06, 2020","123.260","124.045","124.565","123.600","-0.29"
"Oct 07, 2020","123.570","124.055","124.585","123.685","0.25"
"Oct 08, 2020","123.620","124.030","124.510","123.505","0.04"
"Oct 09, 2020","123.350","124.025","124.515","123.745","-0.22"
"Oct 12, 2020","123.670","124.070","124.460","123.630","0.26"
"Oct 13, 2020","123.430","124.060","124.490","123.650","-0.19"
"Oct 14, 2020","123.630","124.210","124.560","123.420","0.16"
"Oct 15, 2020","123.430","124.025","124.280","123.530","-0.16"
"Oct 16, 2020","123.510","123.835","124.270","123.500","0.06"
"Oct 19, 2020","123.470","123.940","124.435","123.540","-0.03"
"Oct 20, 2020","123.440","123.885","124.640","123.550","-0.02"
"Oct 21, 2020","123.160","123.845","124.450","123.510","-0.23"
"Oct 22, 2020","123.170","123.980","124.500","123.580","0.01"
"Oct 23, 2020","123.520","123.950","124.495","123.410","0.28"
"Oct 26, 2020","123.540","123.905","124.450","123.565","0.02"
"Oct 27, 2020","123.620","123.945","124.625","123.640","0.06"
"Oct 28, 2020","123.560","124.055","124.565","123.395","-0.05"
"Oct 29, 2020","123.520","123.945","124.380","123.540","-0.03"
"Oct 30, 2020","123.540","123.950","124.400","123.605","0.02"
"Nov 02, 2020","123.490","124.055","124.385","123.370","-0.04"
"Nov 03, 2020","123.380","123.915","124.255","123.485","-0.09"
"Nov 04, 2020","123.410","123.800","124.625","123.050","0.02"
"Nov 05, 2020","123.410","123.840","124.660","123.380","0.00"
"Nov 06, 2020","123.370","123.760","124.445","123.415","-0.03"
"Nov 09, 2020","122.590","123.880","124.415","123.220","-0.63"
"Nov 10, 2020","123.420","123.320","124.470","123.130","0.68"
"Nov 11, 2020","123.430","123.795","124.540","123.380","0.01"
"Nov 12, 2020","123.360","123.845","124.380","123.165","-0.06"
"Nov 13, 2020","123.530","123.780","124.365","123.300","0.14"
"Nov 16, 2020","123.350","123.965","124.640","123.340","-0.15"
"Nov 17, 2020","123.410","123.735","124.455","123.345","0.05"
"Nov 18, 2020","123.430","123.760","124.460","123.405","0.02"
"Nov 19, 2020","123.400","123.790","124.465","123.355","-0.02"
"Nov 20, 2020","122.900","123.750","124.455","123.130","-0.41"
"Nov 23, 2020","123.350","123.675","124.510","123.305","0.37"
"Nov 24, 2020","123.390","123.750","124.380","123.415","0.03"
"Nov 25, 2020","123.430","123.765","124.380","123.395","0.03"
"Nov 26, 2020","123.050","123.780","124.405","123.465","-0.31"
"Nov 27, 2020","123.450","123.815","124.450","123.540","0.33"
"Nov 30, 2020","123.220","123.785","124.520","123.705","-0.19"
"Dec 01, 2020","123.380","123.935","124.465","123.480","0.13"
"Dec 02, 2020","123.440","123.895","124.600","123.520","0.05"
"Dec 03, 2020","123.440","123.970","124.535","123.540","0.00"
"Dec 04, 2020","123.140","123.980","124.785","123.450","-0.24"
"Dec 07, 2020","123.370","123.770","124.410","123.405","0.19"
"Dec 08, 2020","123.370","123.945","124.285","123.595","0.00"
"Dec 09, 2020","123.400","123.935","124.245","123.345","0.02"
"Dec 10, 2020","123.300","123.805","124.140","123.385","-0.08"
"Dec 11, 2020","123.170","123.695","124.095","123.345","-0.11"
"Dec 14, 2020","122.830","123.795","124.295","123.140","-0.28"
"Dec 15, 2020","123.190","123.600","124.245","123.025","0.29"
"Dec 16, 2020","123.230","123.620","124.290","123.300","0.03"
"Dec 17, 2020","122.910","123.670","124.245","123.285","-0.26"
"Dec 18, 2020","123.080","123.725","124.230","123.190","0.14"
"Dec 21, 2020","122.800","123.370","123.955","122.625","-0.23"
"Dec 22, 2020","122.620","123.300","123.765","122.760","-0.15"
"Dec 23, 2020","122.470","123.400","123.525","122.555","-0.12"
"Dec 24, 2020","122.580","122.905","123.360","122.610","0.09"
"Dec 25, 2020","122.550","123.105","123.365","122.905","-0.02"
"Dec 28, 2020","122.650","123.045","123.655","122.780","0.08"
"Dec 29, 2020","122.920","123.080","123.905","122.785","0.22"
"Dec 30, 2020","123.090","123.515","124.435","123.070","0.14"
"Dec 31, 2020","123.250","123.755","124.340","123.030","0.13"
"Jan 01, 2021","123.760","123.760","123.760","123.760","0.41"
"Jan 04, 2021","121.870","123.410","124.300","122.655","-1.53"
"Jan 05, 2021","122.810","122.735","124.255","122.585","0.77"
"Jan 06, 2021","123.230","123.455","124.315","123.160","0.34"
"Jan 07, 2021","123.250","123.795","124.320","123.380","0.02"
"Jan 08, 2021","123.170","123.840","124.285","123.055","-0.06"
"Jan 11, 2021","123.000","123.710","124.145","122.915","-0.14"
"Jan 12, 2021","122.890","123.700","124.015","123.005","-0.09"
"Jan 13, 2021","123.500","123.390","123.955","122.575","0.50"
"Jan 14, 2021","123.525","123.500","123.940","122.535","0.02"
"Jan 15, 2021","122.980","123.490","123.845","122.610","-0.44"
"Jan 18, 2021","123.660","123.495","123.975","122.880","0.55"
"Jan 19, 2021","123.490","123.650","123.985","122.860","-0.14"
"Jan 20, 2021","122.830","123.495","123.900","122.625","-0.53"
"Jan 21, 2021","122.950","123.300","123.995","122.865","0.10"
"Jan 22, 2021","123.110","123.400","124.010","123.185","0.13"
"Jan 25, 2021","122.750","123.545","124.130","123.190","-0.29"
"Jan 26, 2021","123.290","123.535","124.080","123.295","0.44"
"Jan 27, 2021","123.180","123.735","124.095","123.260","-0.09"
"Jan 28, 2021","123.170","123.600","124.215","123.310","-0.01"
"Jan 29, 2021","123.030","123.605","124.010","123.090","-0.11"
"Feb 01, 2021","122.760","123.525","123.970","122.790","-0.22"
"Feb 02, 2021","123.420","123.525","124.010","123.285","0.54"
"Feb 03, 2021","123.280","123.865","124.105","123.335","-0.11"
"Feb 04, 2021","123.090","123.690","124.115","123.310","-0.15"
"Feb 05, 2021","123.010","123.880","124.150","123.315","-0.06"
"Feb 08, 2021","123.140","123.550","124.020","123.185","0.11"
"Feb 09, 2021","123.180","123.525","124.130","123.315","0.03"
"Feb 10, 2021","123.230","123.585","124.055","123.455","0.04"
"Feb 11, 2021","123.220","123.640","124.045","123.335","-0.01"
"Feb 12, 2021","123.180","123.660","124.040","123.275","-0.03"
"Feb 15, 2021","123.200","123.650","124.060","123.070","0.02"
"Feb 16, 2021","123.200","123.550","123.990","123.245","0.00"
"Feb 17, 2021","123.160","123.590","124.120","123.105","-0.03"
"Feb 18, 2021","123.200","123.545","124.425","123.340","0.03"
"Feb 19, 2021","123.190","123.600","124.210","123.370","-0.01"
"Feb 22, 2021","123.220","123.570","124.145","123.295","0.02"
"Feb 23, 2021","123.250","123.650","124.080","123.345","0.02"
"Feb 24, 2021","123.200","123.620","124.080","123.355","-0.04"
"Feb 25, 2021","123.340","123.615","124.415","123.385","0.11"
"Feb 26, 2021","123.260","123.700","124.190","123.405","-0.06"
"Mar 01, 2021","123.230","123.730","124.055","122.980","-0.02"
"Mar 02, 2021","123.250","123.695","124.050","123.300","0.02"
"Mar 03, 2021","123.200","123.615","124.155","123.170","-0.04"
"Mar 04, 2021","123.020","123.610","124.015","123.195","-0.15"
"Mar 05, 2021","123.030","123.435","123.900","122.885","0.01"
"Mar 08, 2021","122.870","123.500","123.805","123.005","-0.13"
"Mar 09, 2021","122.880","123.330","123.970","123.035","0.01"
"Mar 10, 2021","122.880","123.285","123.705","122.965","0.00"
"Mar 11, 2021","123.140","123.300","123.680","122.850","0.21"
"Mar 12, 2021","122.390","123.455","123.665","122.885","-0.61"
"Mar 15, 2021","122.140","123.160","123.415","122.760","-0.20"
"Mar 16, 2021","122.890","122.925","123.795","122.610","0.61"
"Mar 17, 2021","123.550","123.280","124.075","122.710","0.54"
"Mar 18, 2021","122.840","123.920","124.330","122.920","-0.57"
"Mar 19, 2021","122.540","123.260","123.645","122.855","-0.24"
"Mar 22, 2021","122.610","123.260","123.645","122.970","0.06"
"Mar 23, 2021","122.830","123.445","124.020","122.890","0.18"
"Mar 24, 2021","122.840","123.280","123.805","122.685","0.01"
"Mar 25, 2021","122.490","123.220","123.755","122.600","-0.28"
"Mar 26, 2021","122.930","123.250","123.595","122.895","0.36"
"Mar 29, 2021","122.870","123.305","123.590","122.905","-0.05"
"Mar 30, 2021","122.900","123.230","123.755","122.500","0.02"
"Mar 31, 2021","122.730","123.250","123.550","122.810","-0.14"
"Apr 01, 2021","122.680","123.125","123.720","122.690","-0.04"
"Apr 02, 2021","122.290","123.095","123.400","122.620","-0.32"
"Apr 05, 2021","122.270","123.045","123.695","122.790","-0.02"
"Apr 06, 2021","122.650","123.060","123.560","122.515","0.31"
"Apr 07, 2021","121.920","123.045","123.405","122.500","-0.60"
"Apr 08, 2021","122.570","122.595","123.560","122.400","0.53"
"Apr 09, 2021","122.570","122.980","123.395","122.770","0.00"
"Apr 12, 2021","122.620","123.095","123.390","122.600","0.04"
"Apr 13, 2021","122.580","123.060","123.370","122.615","-0.03"
"Apr 14, 2021","122.740","123.015","123.675","122.465","0.13"
"Apr 15, 2021","122.700","123.130","123.645","122.860","-0.03"
"Apr 16, 2021","122.830","123.140","123.615","122.830","0.11"
"Apr 19, 2021","122.770","123.230","123.690","122.565","-0.05"
"Apr 20, 2021","122.260","123.165","123.495","122.720","-0.42"
"Apr 21, 2021","122.760","123.065","123.625","122.530","0.41"
"Apr 22, 2021","122.380","123.125","123.750","122.540","-0.31"
"Apr 23, 2021","122.770","123.140","123.820","122.780","0.32"
"Apr 26, 2021","122.780","123.115","123.655","122.855","0.01"
"Apr 27, 2021","122.870","123.170","123.660","122.925","0.07"
"Apr 28, 2021","122.420","123.245","123.755","122.660","-0.37"
"Apr 29, 2021","122.790","123.215","123.785","122.605","0.30"
"Apr 30, 2021","122.760","123.150","123.620","122.765","-0.02"
"May 03, 2021","122.900","123.295","123.720","123.050","0.11"
"May 04, 2021","122.740","123.535","123.610","122.740","-0.13"
"May 05, 2021","122.660","123.135","123.520","122.550","-0.07"
"May 06, 2021","122.470","123.085","123.620","122.810","-0.15"
"May 07, 2021","122.620","123.260","123.595","122.620","0.12"
"May 10, 2021","121.960","123.045","123.585","122.455","-0.54"
"May 11, 2021","121.780","122.655","123.625","122.375","-0.15"
"May 12, 2021","122.400","122.590","123.235","122.145","0.51"
"May 13, 2021","122.350","122.730","123.370","122.520","-0.04"
"May 14, 2021","122.490","122.855","123.280","122.560","0.11"
"May 17, 2021","122.530","122.745","123.265","122.565","0.03"
"May 18, 2021","122.510","122.835","123.455","122.615","-0.02"
"May 19, 2021","122.720","122.925","123.600","122.440","0.17"
"May 20, 2021","122.740","123.075","123.455","122.825","0.02"
"May 21, 2021","122.690","123.130","123.535","122.650","-0.04"
"May 24, 2021","122.460","123.060","123.540","122.755","-0.19"
"May 25, 2021","122.620","123.220","123.825","122.725","0.13"
"May 26, 2021","122.640","123.190","123.615","122.805","0.02"
"May 27, 2021","122.710","123.300","123.635","122.770","0.06"
"May 28, 2021","122.800","123.075","123.610","122.815","0.07"
"May 31, 2021","122.370","123.165","123.565","122.775","-0.35"
"Jun 01, 2021","122.770","123.150","123.500","122.725","0.33"
"Jun 02, 2021","122.380","123.085","123.475","122.730","-0.32"
"Jun 03, 2021","122.690","123.145","123.535","122.735","0.25"
"Jun 04, 2021","122.700","123.080","123.555","122.610","0.01"
"Jun 07, 2021","122.390","123.085","123.525","122.700","-0.25"
"Jun 08, 2021","122.810","123.150","123.465","122.650","0.34"
"Jun 09, 2021","122.820","123.115","123.560","122.405","0.01"
"Jun 10, 2021","122.660","123.055","123.380","122.760","-0.13"
"Jun 11, 2021","122.750","122.940","123.220","122.685","0.07"
"Jun 14, 2021","122.440","123.075","123.345","122.525","-0.25"
"Jun 15, 2021","122.820","122.975","123.210","122.605","0.31"
"Jun 16, 2021","122.770","123.095","123.165","122.140","-0.04"
"Jun 17, 2021","122.390","123.045","123.125","122.440","-0.31"
"Jun 18, 2021","122.380","122.795","123.030","122.445","-0.01"
"Jun 21, 2021","121.990","122.770","123.025","122.360","-0.32"
"Jun 22, 2021","122.220","122.715","122.980","122.275","0.19"
"Jun 23, 2021","122.280","122.490","122.920","122.235","0.05"
"Jun 24, 2021","122.090","122.600","122.870","122.260","-0.16"
"Jun 25, 2021","121.810","122.620","122.890","122.260","-0.23"
"Jun 28, 2021","122.690","122.450","123.015","122.200","0.72"
"Jun 29, 2021","122.440","122.915","123.015","122.425","-0.20"
"Jun 30, 2021","122.310","122.690","122.930","122.345","-0.11"
"Jul 01, 2021","122.260","122.640","122.965","122.265","-0.04"
"Jul 02, 2021","122.250","122.570","122.890","122.325","-0.01"
"Jul 05, 2021","122.230","122.485","122.865","122.220","-0.02"
"Jul 06, 2021","121.870","122.510","122.775","122.155","-0.29"
"Jul 07, 2021","122.100","122.515","122.770","122.225","0.19"
"Jul 08, 2021","122.080","122.420","122.770","122.100","-0.02"
"Jul 09, 2021","122.070","122.410","122.795","122.220","-0.01"
"Jul 12, 2021","122.110","122.365","122.770","122.065","0.03"
"Jul 13, 2021","122.100","122.440","122.720","121.950","-0.01"
"Jul 14, 2021","122.160","122.415","122.875","122.200","0.05"
"Jul 15, 2021","122.200","122.475","122.785","122.310","0.03"
"Jul 16, 2021","122.110","122.630","122.765","122.260","-0.07"
"Jul 19, 2021","122.180","122.435","122.745","122.250","0.06"
"Jul 20, 2021","122.160","122.500","122.665","122.300","-0.02"
"Jul 21, 2021","121.960","122.485","122.690","122.095","-0.16"
"Jul 22, 2021","121.950","122.255","122.615","121.875","-0.01"
"Jul 23, 2021","121.700","122.215","122.485","121.860","-0.21"
"Jul 26, 2021","121.620","122.225","122.740","121.690","-0.07"
"Jul 27, 2021","121.500","121.970","122.150","121.600","-0.10"
"Jul 28, 2021","121.250","121.855","121.970","121.335","-0.21"
"Jul 29, 2021","121.360","121.610","122.330","121.475","0.09"
"Jul 30, 2021","121.620","121.705","122.445","121.455","0.21"
"Aug 02, 2021","121.280","121.850","122.015","121.385","-0.28"
"Aug 03, 2021","121.330","121.530","121.845","121.265","0.04"
"Aug 04, 2021","121.320","121.605","121.825","121.210","-0.01"
"Aug 05, 2021","120.920","121.600","121.765","121.110","-0.33"
"Aug 06, 2021","121.010","121.440","121.770","121.175","0.07"
"Aug 09, 2021","121.090","121.500","121.640","120.995","0.07"
"Aug 10, 2021","121.010","121.355","121.480","120.880","-0.07"
"Aug 11, 2021","120.910","121.280","121.470","120.890","-0.08"
"Aug 12, 2021","121.010","121.185","121.665","121.100","0.08"
"Aug 13, 2021","121.020","121.280","121.630","121.075","0.01"
"Aug 16, 2021","121.040","121.330","121.855","120.660","0.02"
"Aug 17, 2021","121.080","121.295","121.715","121.040","0.03"
"Aug 18, 2021","121.020","121.375","121.845","121.020","-0.05"
"Aug 19, 2021","121.360","121.560","122.010","121.110","0.28"
"Aug 20, 2021","121.170","121.665","122.425","121.155","-0.16"
"Aug 23, 2021","121.350","121.795","122.210","121.310","0.15"
"Aug 24, 2021","121.100","121.670","122.060","121.400","-0.21"
"Aug 25, 2021","121.450","121.745","122.200","121.335","0.29"
"Aug 26, 2021","121.500","121.770","122.085","121.565","0.04"
"Aug 27, 2021","121.020","121.825","122.240","121.455","-0.40"
"Aug 30, 2021","121.670","121.665","122.170","121.495","0.54"
"Aug 31, 2021","121.690","121.900","122.235","121.640","0.02"
"Sep 01, 2021","121.670","122.010","122.380","121.685","-0.02"
"Sep 02, 2021","121.600","121.990","122.140","121.590","-0.06"
"Sep 03, 2021","121.580","121.920","122.225","121.575","-0.02"
"Sep 06, 2021","121.430","121.855","121.945","121.610","-0.12"
"Sep 07, 2021","121.430","121.760","122.130","121.420","0.00"
"Sep 08, 2021","121.540","121.765","122.220","121.525","0.09"
"Sep 09, 2021","121.600","121.885","122.110","121.325","0.05"
"Sep 10, 2021","121.570","121.900","122.160","121.435","-0.02"
"Sep 13, 2021","121.450","121.855","122.080","121.385","-0.10"
"Sep 14, 2021","121.300","121.760","122.060","121.315","-0.12"
"Sep 15, 2021","121.190","121.650","121.865","121.155","-0.09"
"Sep 16, 2021","120.980","121.480","121.745","121.080","-0.17"
"Sep 17, 2021","121.100","121.285","122.070","120.915","0.10"
"Sep 20, 2021","121.010","121.490","121.665","120.885","-0.07"
"Sep 21, 2021","120.810","121.315","121.540","120.950","-0.17"
"Sep 22, 2021","121.060","121.310","121.575","121.010","0.21"
"Sep 23, 2021","120.990","121.340","121.610","121.025","-0.06"
"Sep 24, 2021","120.840","121.295","121.680","121.130","-0.12"
"Sep 27, 2021","121.080","121.440","121.800","121.210","0.20"
"Sep 28, 2021","121.240","121.610","121.800","121.220","0.13"
"Sep 29, 2021","120.590","121.530","121.835","121.060","-0.54"
"Sep 30, 2021","121.300","121.295","121.840","121.035","0.59"
"Oct 01, 2021","121.060","121.570","121.805","121.335","-0.20"
"Oct 04, 2021","120.850","121.525","121.835","121.225","-0.17"
"Oct 05, 2021","120.990","121.520","121.815","121.205","0.12"
"Oct 06, 2021","121.110","121.540","121.785","121.135","0.10"
"Oct 07, 2021","120.970","121.400","121.720","121.055","-0.12"
"Oct 08, 2021","120.820","121.315","121.580","121.005","-0.12"
"Oct 11, 2021","120.940","121.280","121.640","120.930","0.10"
"Oct 12, 2021","121.030","121.275","121.590","121.010","0.07"
"Oct 13, 2021","121.070","121.330","121.820","121.130","0.03"
"Oct 14, 2021","121.230","121.605","121.950","121.265","0.13"
"Oct 15, 2021","121.080","121.540","121.905","121.345","-0.12"
"Oct 18, 2021","121.350","121.600","122.245","121.115","0.22"
"Oct 19, 2021","121.360","121.620","121.980","121.365","0.01"
"Oct 20, 2021","121.270","121.635","121.905","121.470","-0.07"
"Oct 21, 2021","121.370","121.685","121.900","121.345","0.08"
"Oct 22, 2021","120.900","121.660","122.005","121.260","-0.39"
"Oct 25, 2021","121.710","121.570","122.390","121.120","0.67"
"Oct 26, 2021","121.830","121.990","122.330","121.620","0.10"
"Oct 27, 2021","122.180","122.160","123.060","121.550","0.29"
"Oct 28, 2021","122.630","122.480","123.300","122.005","0.37"
"Oct 29, 2021","122.520","122.925","123.470","122.395","-0.09"
"Nov 01, 2021","122.550","122.770","123.155","122.265","0.02"
"Nov 02, 2021","122.550","122.855","123.035","122.460","0.00"
"Nov 03, 2021","122.560","122.830","123.175","122.510","0.01"
"Nov 04, 2021","122.680","122.835","123.750","122.610","0.10"
"Nov 05, 2021","122.660","122.935","123.200","122.505","-0.02"
"Nov 08, 2021","122.520","122.800","123.120","122.375","-0.11"
"Nov 09, 2021","122.550","122.800","122.970","122.450","0.02"
"Nov 10, 2021","122.010","122.815","122.995","122.330","-0.44"
"Nov 11, 2021","122.350","122.395","122.900","122.105","0.28"
"Nov 12, 2021","121.820","122.670","122.710","122.065","-0.43"
"Nov 15, 2021","121.630","122.400","122.800","121.755","-0.16"
"Nov 16, 2021","121.480","122.035","122.170","121.530","-0.12"
"Nov 17, 2021","121.370","121.755","122.045","121.400","-0.09"
"Nov 18, 2021","121.330","121.670","122.375","121.310","-0.03"
"Nov 19, 2021","121.100","121.655","122.435","120.985","-0.19"
"Nov 22, 2021","121.010","121.440","121.590","120.915","-0.07"
"Nov 23, 2021","120.960","121.285","121.530","120.985","-0.04"
"Nov 24, 2021","120.940","121.240","121.735","121.020","-0.02"
"Nov 25, 2021","120.890","121.235","121.435","121.020","-0.04"
"Nov 26, 2021","120.750","121.220","121.495","120.780","-0.12"
"Nov 29, 2021","120.100","120.990","121.385","120.130","-0.54"
"Nov 30, 2021","120.620","120.725","121.845","120.245","0.43"
"Dec 01, 2021","120.760","121.330","121.640","120.830","0.12"
"Dec 02, 2021","120.610","121.070","121.435","120.835","-0.12"
"Dec 03, 2021","120.850","121.070","121.485","120.735","0.20"
"Dec 06, 2021","120.690","121.180","121.270","120.620","-0.13"
"Dec 07, 2021","120.750","120.950","121.235","120.630","0.05"
"Dec 08, 2021","120.800","121.025","121.285","120.935","0.04"
"Dec 09, 2021","120.660","121.060","121.280","120.790","-0.12"
"Dec 10, 2021","120.850","121.065","121.490","120.700","0.16"
"Dec 13, 2021","120.660","121.430","121.485","120.595","-0.16"
"Dec 14, 2021","120.480","120.930","121.155","120.525","-0.15"
"Dec 15, 2021","120.210","120.955","121.075","120.425","-0.22"
"Dec 16, 2021","120.470","120.715","121.480","120.500","0.22"
"Dec 17, 2021","120.580","120.725","121.050","120.510","0.09"
"Dec 20, 2021","120.510","120.870","121.115","120.580","-0.06"
"Dec 21, 2021","120.430","120.780","121.005","120.505","-0.07"
"Dec 22, 2021","120.170","120.640","121.020","120.365","-0.22"
"Dec 23, 2021","120.070","120.685","120.935","120.200","-0.08"
"Dec 24, 2021","120.010","120.690","120.845","120.060","-0.05"
"Dec 27, 2021","119.940","120.315","120.835","120.060","-0.06"
"Dec 28, 2021","120.120","120.690","121.120","119.895","0.15"
"Dec 29, 2021","120.290","120.410","120.870","120.180","0.14"
"Dec 30, 2021","119.960","120.585","121.225","120.130","-0.27"
"Dec 31, 2021","120.420","120.690","121.255","120.180","0.38"
"Jan 03, 2022","119.370","120.665","120.855","119.805","-0.87"
"Jan 04, 2022","119.060","120.010","120.515","119.260","-0.26"
"Jan 05, 2022","120.790","119.360","121.400","119.250","1.45"
"Jan 06, 2022","120.890","121.060","121.715","120.805","0.08"
"Jan 07, 2022","121.090","121.255","122.090","120.875","0.17"
"Jan 10, 2022","121.350","121.420","121.905","121.130","0.21"
"Jan 11, 2022","121.450","121.615","121.970","121.450","0.08"
"Jan 12, 2022","121.210","121.720","122.190","121.515","-0.20"
"Jan 13, 2022","122.080","121.820","122.835","121.075","0.72"
"Jan 14, 2022","122.070","122.415","122.875","121.860","-0.01"
"Jan 17, 2022","121.860","122.415","122.870","121.935","-0.17"
"Jan 18, 2022","121.610","122.165","122.720","121.425","-0.21"
"Jan 19, 2022","121.450","121.870","122.615","121.480","-0.13"
"Jan 20, 2022","121.300","121.920","122.290","121.395","-0.12"
"Jan 21, 2022","121.000","121.615","121.945","121.250","-0.25"
"Jan 24, 2022","120.860","121.315","122.185","120.865","-0.12"
"Jan 25, 2022","120.550","121.190","121.460","120.745","-0.26"
"Jan 26, 2022","120.690","120.895","121.350","120.735","0.12"
"Jan 27, 2022","120.600","121.015","121.220","120.375","-0.07"
"Jan 28, 2022","120.480","120.935","121.120","120.505","-0.10"
"Jan 31, 2022","120.730","120.815","121.415","120.635","0.21"
"Feb 01, 2022","121.000","121.030","121.585","120.900","0.22"
"Feb 02, 2022","121.110","121.295","121.770","120.960","0.09"
"Feb 03, 2022","121.240","121.435","121.835","121.020","0.11"
"Feb 04, 2022","121.160","121.525","121.720","121.140","-0.07"
"Feb 07, 2022","121.150","121.695","121.755","120.990","-0.01"
"Feb 08, 2022","121.130","121.445","121.920","120.825","-0.02"
"Feb 09, 2022","121.070","121.430","121.850","120.990","-0.05"
"Feb 10, 2022","121.190","121.430","121.675","120.980","0.10"
"Feb 11, 2022","121.030","121.495","121.620","120.880","-0.13"
"Feb 14, 2022","121.080","121.265","121.810","120.570","0.04"
"Feb 15, 2022","121.110","121.390","121.630","121.050","0.02"
"Feb 16, 2022","121.160","121.445","121.580","121.115","0.04"
"Feb 17, 2022","121.070","121.445","121.650","120.935","-0.07"
"Feb 18, 2022","121.130","121.390","121.615","120.910","0.05"
"Feb 21, 2022","121.100","121.495","122.185","120.990","-0.02"
"Feb 22, 2022","121.040","121.415","121.515","121.020","-0.05"
"Feb 23, 2022","121.130","121.350","121.525","121.025","0.07"
"Feb 24, 2022","121.030","121.465","121.520","120.875","-0.08"
"Feb 25, 2022","120.970","121.340","121.645","120.935","-0.05"
"Feb 28, 2022","121.140","120.320","121.650","119.710","0.14"
"Mar 01, 2022","121.340","121.430","121.795","121.140","0.17"
"Mar 02, 2022","121.890","121.660","123.070","120.930","0.45"
"Mar 03, 2022","121.980","122.275","123.375","121.950","0.07"
"Mar 04, 2022","123.170","122.405","123.985","122.315","0.98"
"Mar 07, 2022","126.645","123.975","127.375","122.480","2.82"
"Mar 08, 2022","125.545","126.645","127.865","124.650","-0.87"
"Mar 09, 2022","124.395","125.565","125.865","123.580","-0.92"
"Mar 10, 2022","123.525","124.375","125.355","122.595","-0.70"
"Mar 11, 2022","122.560","123.510","124.080","122.605","-0.78"
"Mar 14, 2022","122.680","123.245","123.950","122.765","0.10"
"Mar 15, 2022","122.300","123.350","124.255","122.515","-0.31"
"Mar 16, 2022","122.430","122.835","123.365","122.460","0.11"
"Mar 17, 2022","122.520","122.810","123.330","122.485","0.07"
"Mar 18, 2022","122.370","122.870","123.275","122.370","-0.12"
"Mar 21, 2022","121.590","122.805","123.175","122.150","-0.64"
"Mar 22, 2022","122.020","122.245","122.625","121.605","0.35"
"Mar 23, 2022","122.310","122.560","123.160","122.290","0.24"
"Mar 24, 2022","121.740","122.680","123.095","121.845","-0.47"
"Mar 25, 2022","121.550","122.215","122.580","121.780","-0.16"
"Mar 28, 2022","121.560","122.120","123.220","121.370","0.01"
"Mar 29, 2022","121.550","121.965","122.585","121.740","-0.01"
"Mar 30, 2022","121.240","121.955","122.485","121.515","-0.26"
"Mar 31, 2022","121.150","121.640","122.090","121.175","-0.07"
"Apr 01, 2022","121.340","121.500","121.935","121.085","0.16"
"Apr 04, 2022","121.130","121.540","121.885","120.965","-0.17"
"Apr 05, 2022","121.050","121.505","121.755","120.275","-0.07"
"Apr 06, 2022","121.000","121.435","121.700","120.955","-0.04"
"Apr 07, 2022","120.580","121.365","121.720","120.915","-0.35"
"Apr 08, 2022","120.960","121.055","121.640","120.780","0.32"
"Apr 11, 2022","120.810","121.900","122.085","120.560","-0.12"
"Apr 12, 2022","120.760","121.080","121.420","120.640","-0.04"
"Apr 13, 2022","120.670","121.050","121.350","120.340","-0.07"
"Apr 14, 2022","120.780","120.955","121.415","120.600","0.09"
"Apr 15, 2022","120.790","121.050","121.385","120.660","0.01"
"Apr 18, 2022","120.260","121.055","121.250","120.610","-0.44"
"Apr 19, 2022","120.100","120.715","121.320","120.430","-0.13"
"Apr 20, 2022","119.810","120.545","121.440","119.815","-0.24"
"Apr 21, 2022","119.580","120.215","121.060","119.875","-0.19"
"Apr 22, 2022","119.990","120.035","120.610","119.790","0.34"
"Apr 25, 2022","118.950","120.775","120.825","119.155","-0.87"
"Apr 26, 2022","120.230","119.400","120.910","119.325","1.08"
"Apr 27, 2022","120.450","120.550","121.210","120.080","0.18"
"Apr 28, 2022","121.060","120.790","121.665","120.485","0.51"
"Apr 29, 2022","120.430","121.020","121.130","119.960","-0.52"
"May 02, 2022","119.830","120.560","120.790","119.680","-0.50"
"May 03, 2022","119.930","119.850","120.570","119.690","0.08"
"May 04, 2022","120.100","119.860","120.580","119.660","0.14"
"May 05, 2022","120.160","120.100","120.480","119.470","0.05"
"May 06, 2022","120.040","120.180","120.250","119.390","-0.10"
"May 09, 2022","120.210","120.010","120.510","119.450","0.14"
"May 10, 2022","120.060","120.220","120.480","119.740","-0.12"
"May 11, 2022","120.390","120.060","120.710","119.660","0.27"
"May 12, 2022","120.240","120.380","120.580","119.650","-0.12"
"May 13, 2022","120.240","120.220","120.480","119.660","0.00"
"May 16, 2022","120.170","120.160","120.460","119.650","-0.06"
"May 17, 2022","120.180","120.180","120.510","119.670","0.01"
"May 18, 2022","120.120","119.970","120.280","119.480","-0.05"
"May 19, 2022","119.740","120.140","120.140","119.270","-0.32"
"May 20, 2022","119.570","119.730","119.840","119.080","-0.14"
"May 23, 2022","119.560","119.680","120.670","119.050","-0.01"
"May 24, 2022","119.970","119.560","120.300","119.040","0.34"
"May 25, 2022","120.000","119.990","120.230","119.540","0.03"
"May 26, 2022","119.890","120.020","120.710","119.560","-0.09"
"May 27, 2022","120.490","119.910","120.960","119.760","0.50"
"May 30, 2022","120.380","120.580","121.150","119.950","-0.09"
"May 31, 2022","120.300","120.380","120.620","119.850","-0.07"
"Jun 01, 2022","120.070","120.280","120.520","119.740","-0.19"
"Jun 02, 2022","120.360","120.040","120.400","119.450","0.24"
"Jun 03, 2022","119.600","120.330","120.530","119.300","-0.63"
"Jun 06, 2022","119.570","119.600","119.980","119.220","-0.03"
"Jun 07, 2022","119.490","119.560","119.920","119.040","-0.07"
"Jun 08, 2022","119.510","119.480","119.870","118.960","0.02"
"Jun 09, 2022","119.180","119.540","120.150","119.150","-0.28"
"Jun 10, 2022","119.670","119.200","120.020","119.200","0.41"
"Jun 13, 2022","119.600","119.640","119.850","119.020","-0.06"
"Jun 14, 2022","119.470","119.630","119.730","118.970","-0.11"
"Jun 15, 2022","119.510","119.460","119.840","118.860","0.03"
"Jun 16, 2022","119.480","119.520","119.780","118.880","-0.03"
"Jun 17, 2022","119.450","119.470","119.690","118.880","-0.03"
"Jun 20, 2022","119.190","119.130","120.050","118.740","-0.22"
"Jun 21, 2022","119.140","119.190","119.500","118.760","-0.04"
"Jun 22, 2022","119.180","119.200","119.530","118.660","0.03"
"Jun 23, 2022","119.110","119.180","119.500","118.560","-0.06"
"Jun 24, 2022","119.050","119.120","119.400","118.580","-0.05"
"Jun 27, 2022","118.900","119.040","119.280","118.390","-0.13"
"Jun 28, 2022","118.900","118.900","119.350","118.550","0.00"
"Jun 29, 2022","118.790","118.870","119.160","118.280","-0.09"
"Jun 30, 2022","118.730","118.790","119.040","118.260","-0.05"
"Jul 01, 2022","118.790","118.700","119.030","118.260","0.05"
"Jul 04, 2022","118.850","118.720","119.120","118.260","0.05"
"Jul 05, 2022","118.260","118.810","118.980","117.810","-0.50"
"Jul 06, 2022","117.820","118.260","118.460","117.450","-0.37"
"Jul 07, 2022","117.640","117.830","118.120","117.380","-0.15"
"Jul 08, 2022","117.640","117.640","117.870","117.080","0.00"
"Jul 11, 2022","115.740","117.520","117.640","115.660","-1.62"
"Jul 12, 2022","116.810","115.730","117.710","115.320","0.92"
"Jul 13, 2022","116.900","116.800","117.220","116.160","0.08"
"Jul 14, 2022","116.690","116.890","117.180","116.140","-0.18"
"Jul 15, 2022","116.550","116.690","117.270","116.280","-0.12"
"Jul 18, 2022","116.650","116.500","116.960","116.150","0.09"
"Jul 19, 2022","116.680","116.640","117.000","116.200","0.03"
"Jul 20, 2022","116.610","116.680","116.910","116.130","-0.06"
"Jul 21, 2022","116.550","116.600","117.040","116.070","-0.05"
"Jul 22, 2022","116.390","116.550","116.810","115.890","-0.14"
"Jul 25, 2022","116.170","116.390","116.500","115.590","-0.19"
"Jul 26, 2022","116.140","116.150","116.600","115.780","-0.03"
"Jul 27, 2022","116.810","116.150","117.020","115.780","0.58"
"Jul 28, 2022","116.240","116.760","116.840","115.770","-0.49"
"Jul 29, 2022","116.330","116.260","116.600","115.810","0.08"
"Aug 01, 2022","116.110","116.310","116.590","115.570","-0.19"
"Aug 02, 2022","116.180","116.100","116.550","115.780","0.06"
"Aug 03, 2022","116.540","116.150","116.780","115.880","0.31"
"Aug 04, 2022","116.460","116.550","116.670","115.960","-0.07"
"Aug 05, 2022","116.460","116.440","116.740","115.970","0.00"
"Aug 08, 2022","116.220","116.410","116.570","115.850","-0.21"
"Aug 09, 2022","116.350","116.230","116.650","115.880","0.11"
"Aug 10, 2022","116.310","116.370","116.890","115.890","-0.03"
"Aug 11, 2022","116.560","116.310","117.050","115.990","0.21"
"Aug 12, 2022","116.800","116.530","116.940","116.360","0.21"
"Aug 15, 2022","116.720","116.830","116.910","116.060","-0.07"
"Aug 16, 2022","116.700","116.720","116.900","116.190","-0.02"
"Aug 17, 2022","116.560","116.680","116.900","116.290","-0.12"
"Aug 18, 2022","116.570","116.540","116.910","116.280","0.01"
"Aug 19, 2022","116.770","116.700","116.970","116.310","0.17"
"Aug 22, 2022","116.780","116.820","116.950","116.350","0.01"
"Aug 23, 2022","116.390","116.800","117.030","116.050","-0.33"
"Aug 24, 2022","116.360","116.420","116.720","116.000","-0.03"
"Aug 25, 2022","116.160","116.350","116.630","115.990","-0.17"
"Aug 26, 2022","116.640","116.160","117.080","116.000","0.41"
"Aug 29, 2022","116.700","116.890","117.050","116.070","0.05"
"Aug 30, 2022","116.570","116.690","117.060","116.370","-0.11"
"Aug 31, 2022","116.770","116.580","117.140","116.380","0.17"
"Sep 01, 2022","117.050","116.730","117.410","116.590","0.24"
"Sep 02, 2022","117.250","117.050","117.640","116.730","0.17"
"Sep 05, 2022","116.520","117.220","117.220","116.360","-0.62"
"Sep 06, 2022","117.060","116.510","117.570","116.480","0.46"
"Sep 07, 2022","117.110","117.050","117.590","116.770","0.04"
"Sep 08, 2022","117.140","117.100","117.700","116.850","0.03"
"Sep 09, 2022","116.940","117.160","117.530","116.650","-0.17"
"Sep 12, 2022","116.830","117.400","118.180","116.580","-0.09"
"Sep 13, 2022","116.810","116.840","117.180","116.190","-0.02"
"Sep 14, 2022","115.990","116.840","117.040","115.820","-0.70"
"Sep 15, 2022","115.980","115.930","116.560","115.500","-0.01"
"Sep 16, 2022","116.070","115.970","116.390","115.410","0.08"
"Sep 19, 2022","116.080","116.020","116.540","115.680","0.01"
"Sep 20, 2022","116.290","116.090","116.580","115.800","0.18"
"Sep 21, 2022","116.360","116.300","116.630","115.630","0.06"
"Sep 22, 2022","116.050","116.380","116.490","115.710","-0.27"
"Sep 23, 2022","116.090","116.090","116.430","115.660","0.03"
"Sep 26, 2022","115.700","116.010","116.410","114.590","-0.34"
"Sep 27, 2022","115.800","115.710","116.130","115.490","0.09"
"Sep 28, 2022","116.160","115.800","116.700","115.520","0.31"
"Sep 29, 2022","116.130","116.140","116.310","115.600","-0.03"
"Sep 30, 2022","116.150","116.130","116.490","115.600","0.02"
"Oct 03, 2022","116.170","116.595","117.195","116.260","0.02"
"Oct 04, 2022","116.640","116.685","117.510","116.365","0.40"
"Oct 05, 2022","116.760","117.135","117.645","116.825","0.10"
"Oct 06, 2022","116.710","117.120","117.540","116.860","-0.04"
"Oct 07, 2022","116.430","117.180","117.595","116.555","-0.24"
"Oct 10, 2022","116.110","116.885","117.190","116.270","-0.27"
"Oct 11, 2022","115.940","116.645","116.915","116.305","-0.15"
"Oct 12, 2022","116.050","116.540","116.980","116.220","0.09"
"Oct 13, 2022","116.070","116.575","117.295","115.740","0.02"
"Oct 14, 2022","115.950","116.580","117.175","116.125","-0.10"
"Oct 17, 2022","116.250","116.470","117.530","116.385","0.26"
"Oct 18, 2022","116.490","116.770","117.385","116.575","0.21"
"Oct 19, 2022","116.750","116.975","117.690","116.785","0.22"
"Oct 20, 2022","116.780","117.290","117.725","116.865","0.03"
"Oct 21, 2022","116.650","117.315","117.860","116.860","-0.11"
"Oct 24, 2022","116.770","117.245","117.820","116.745","0.10"
"Oct 25, 2022","117.170","117.250","118.130","117.025","0.34"
"Oct 26, 2022","117.500","117.665","118.805","117.460","0.28"
"Oct 27, 2022","117.840","118.225","118.625","117.775","0.29"
"Oct 28, 2022","118.060","118.375","118.625","117.875","0.19"
"Oct 31, 2022","117.710","118.345","118.580","117.650","-0.30"
"Nov 01, 2022","117.640","118.130","118.440","117.570","-0.06"
"Nov 02, 2022","117.330","118.090","118.625","117.490","-0.26"
"Nov 03, 2022","117.260","117.835","118.015","117.295","-0.06"
"Nov 04, 2022","116.440","117.700","117.985","116.585","-0.70"
"Nov 07, 2022","116.440","116.395","117.170","116.260","0.00"
"Nov 08, 2022","116.550","116.980","117.825","116.505","0.09"
"Nov 09, 2022","116.680","117.010","117.340","116.540","0.11"
"Nov 10, 2022","116.400","117.115","118.350","116.525","-0.24"
"Nov 11, 2022","116.480","116.875","117.355","116.415","0.07"
"Nov 14, 2022","116.450","117.100","118.035","116.320","-0.03"
"Nov 15, 2022","116.390","116.905","117.360","116.440","-0.05"
"Nov 16, 2022","116.400","116.820","117.770","116.640","0.01"
"Nov 17, 2022","116.630","116.880","117.405","116.580","0.20"
"Nov 18, 2022","116.250","117.115","117.445","116.650","-0.33"
"Nov 21, 2022","116.510","116.715","117.405","115.975","0.22"
"Nov 22, 2022","116.300","116.990","117.510","116.535","-0.18"
"Nov 23, 2022","116.320","116.785","117.475","116.385","0.02"
"Nov 24, 2022","116.360","116.810","117.275","116.455","0.03"
"Nov 25, 2022","116.290","116.735","117.210","116.475","-0.06"
"Nov 28, 2022","115.520","116.575","118.135","115.955","-0.66"
"Nov 29, 2022","115.250","116.070","117.015","115.630","-0.23"
"Nov 30, 2022","116.660","115.735","117.355","115.620","1.22"
"Dec 01, 2022","116.140","117.100","117.195","116.385","-0.45"
"Dec 02, 2022","117.080","116.625","117.475","116.045","0.81"
"Dec 05, 2022","116.110","117.205","117.975","116.040","-0.83"
"Dec 06, 2022","116.050","116.570","116.975","116.145","-0.05"
"Dec 07, 2022","115.730","116.540","116.835","115.760","-0.28"
"Dec 08, 2022","115.750","116.230","116.460","116.060","0.02"
"Dec 09, 2022","115.120","116.265","116.335","115.200","-0.54"
"Dec 12, 2022","115.170","115.635","116.005","115.235","0.04"
"Dec 13, 2022","113.750","115.595","115.975","114.050","-1.23"
"Dec 14, 2022","114.060","114.525","115.985","114.190","0.27"
"Dec 15, 2022","113.900","114.560","114.940","114.165","-0.14"
"Dec 16, 2022","114.170","114.435","114.930","114.125","0.24"
"Dec 19, 2022","113.740","114.595","115.105","114.010","-0.38"
"Dec 20, 2022","113.060","114.120","114.735","113.525","-0.60"
"Dec 21, 2022","113.130","113.845","114.360","113.390","0.06"
"Dec 22, 2022","113.660","113.550","114.365","113.360","0.47"
"Dec 23, 2022","113.460","114.030","114.470","113.470","-0.18"
"Dec 26, 2022","113.790","113.855","114.230","113.785","0.29"
"Dec 27, 2022","112.450","114.225","114.555","112.645","-1.18"
"Dec 28, 2022","112.650","113.035","113.370","112.465","0.18"
"Dec 29, 2022","113.540","113.055","114.800","112.670","0.79"
"Dec 30, 2022","113.980","114.040","114.865","113.720","0.39"
"Jan 02, 2023","113.550","114.460","114.525","113.900","-0.38"
"Jan 03, 2023","112.620","114.045","114.270","112.500","-0.82"
"Jan 04, 2023","114.370","113.020","115.770","112.940","1.55"
"Jan 05, 2023","116.610","115.040","117.640","114.660","1.96"
"Jan 06, 2023","117.300","117.110","118.410","116.830","0.59"
"Jan 09, 2023","116.400","117.910","118.560","116.825","-0.77"
"Jan 10, 2023","116.680","116.845","117.935","116.655","0.24"
"Jan 11, 2023","115.950","117.185","117.650","116.080","-0.63"
"Jan 12, 2023","116.180","116.415","117.150","115.515","0.20"
"Jan 13, 2023","115.530","116.670","117.235","115.530","-0.56"
"Jan 16, 2023","115.860","116.250","117.000","115.855","0.29"
"Jan 17, 2023","115.860","116.380","116.875","115.835","0.00"
"Jan 18, 2023","115.740","116.370","117.580","115.905","-0.10"
"Jan 19, 2023","116.390","116.210","116.915","116.015","0.56"
"Jan 20, 2023","116.250","116.830","116.990","115.965","-0.12"
"Jan 23, 2023","115.800","116.610","117.335","115.770","-0.39"
"Jan 24, 2023","115.820","116.360","116.955","115.890","0.02"
"Jan 25, 2023","116.410","116.445","116.855","115.985","0.51"
"Jan 26, 2023","116.350","116.705","116.955","116.060","-0.05"
"Jan 27, 2023","116.170","116.680","116.970","116.210","-0.15"
"Jan 30, 2023","115.920","116.680","117.160","116.300","-0.22"
"Jan 31, 2023","116.110","116.425","116.895","116.105","0.16"
"Feb 01, 2023","116.760","116.595","117.630","115.975","0.56"
"Feb 02, 2023","115.560","117.210","117.685","115.840","-1.03"
"Feb 03, 2023","115.140","116.010","116.665","115.580","-0.36"
"Feb 06, 2023","115.670","115.560","116.415","115.450","0.46"
"Feb 07, 2023","115.950","116.120","116.885","115.730","0.24"
"Feb 08, 2023","115.440","116.380","116.555","115.620","-0.44"
"Feb 09, 2023","115.300","115.730","116.460","115.575","-0.12"
"Feb 10, 2023","115.630","115.700","116.370","115.475","0.29"
"Feb 13, 2023","116.110","115.975","116.505","115.575","0.42"
"Feb 14, 2023","115.670","116.440","116.720","115.340","-0.38"
"Feb 15, 2023","115.440","116.210","116.295","115.250","-0.20"
"Feb 16, 2023","115.210","115.935","116.200","115.205","-0.20"
"Feb 17, 2023","115.220","115.600","115.925","115.155","0.01"
"Feb 20, 2023","114.840","115.695","115.900","114.900","-0.33"
"Feb 21, 2023","114.430","115.235","115.615","114.790","-0.36"
"Feb 22, 2023","114.610","114.975","115.580","114.775","0.16"
"Feb 23, 2023","114.850","114.995","115.530","114.785","0.21"
"Feb 24, 2023","114.690","115.245","115.455","114.665","-0.14"
"Feb 27, 2023","114.770","114.955","115.505","114.610","0.07"
"Feb 28, 2023","114.590","115.115","115.485","114.830","-0.16"
"Mar 01, 2023","114.660","114.995","115.470","114.715","0.06"
"Mar 02, 2023","114.750","115.035","115.585","114.400","0.08"
"Mar 03, 2023","114.870","115.150","115.445","114.555","0.10"
"Mar 06, 2023","114.300","115.100","115.590","114.465","-0.50"
"Mar 07, 2023","114.120","114.730","115.310","114.280","-0.16"
"Mar 08, 2023","114.040","114.435","115.245","114.190","-0.07"
"Mar 09, 2023","113.640","114.475","115.140","113.770","-0.35"
"Mar 10, 2023","113.350","114.180","115.085","113.620","-0.26"
"Mar 13, 2023","113.600","113.785","114.765","113.625","0.22"
"Mar 14, 2023","113.600","114.025","114.315","113.470","0.00"
"Mar 15, 2023","114.370","114.120","115.395","113.855","0.68"
"Mar 16, 2023","114.430","114.660","115.360","114.430","0.05"
"Mar 17, 2023","114.230","114.950","115.615","114.225","-0.17"
"Mar 20, 2023","113.910","114.940","115.090","113.880","-0.28"
"Mar 21, 2023","113.820","114.355","114.550","113.780","-0.08"
"Mar 22, 2023","114.470","114.085","115.465","114.015","0.57"
"Mar 23, 2023","113.500","114.860","115.645","113.845","-0.85"
"Mar 24, 2023","113.830","113.895","114.605","113.720","0.29"
"Mar 27, 2023","113.740","114.260","114.745","113.660","-0.08"
"Mar 28, 2023","113.150","114.130","114.565","113.195","-0.52"
"Mar 29, 2023","113.150","113.625","114.005","113.135","0.00"
"Mar 30, 2023","112.910","113.595","114.005","112.975","-0.21"
"Mar 31, 2023","112.620","113.440","113.725","112.710","-0.26"
"Apr 03, 2023","112.940","113.135","114.025","112.515","0.28"
"Apr 04, 2023","112.690","113.380","114.390","112.630","-0.22"
"Apr 05, 2023","112.460","113.070","113.560","112.635","-0.20"
"Apr 06, 2023","112.450","112.865","113.375","112.530","-0.01"
"Apr 07, 2023","112.220","112.895","113.255","112.170","-0.20"
"Apr 10, 2023","111.850","112.740","112.910","111.830","-0.33"
"Apr 11, 2023","112.490","112.295","113.280","112.235","0.57"
"Apr 12, 2023","112.860","112.845","113.565","112.550","0.33"
"Apr 13, 2023","112.670","113.275","113.510","112.595","-0.17"
"Apr 14, 2023","112.410","112.940","113.810","112.330","-0.23"
"Apr 17, 2023","111.340","112.595","112.840","111.605","-0.95"
"Apr 18, 2023","112.370","111.810","113.130","111.780","0.93"
"Apr 19, 2023","111.790","112.820","112.950","111.835","-0.52"
"Apr 20, 2023","111.590","112.190","112.690","111.630","-0.18"
"Apr 21, 2023","111.790","112.140","112.390","111.810","0.18"
"Apr 24, 2023","111.300","112.355","112.575","111.285","-0.44"
"Apr 25, 2023","110.540","111.810","111.885","110.760","-0.68"
"Apr 26, 2023","110.400","111.035","111.555","110.590","-0.13"
"Apr 27, 2023","110.880","111.025","111.455","110.635","0.43"
"Apr 28, 2023","110.860","111.340","111.575","110.630","-0.02"
"May 01, 2023","110.570","111.400","111.455","110.680","-0.26"
"May 02, 2023","110.830","111.075","111.480","110.715","0.24"
"May 03, 2023","111.030","111.045","111.815","110.710","0.18"
"May 04, 2023","111.200","111.375","111.780","110.850","0.15"
"May 05, 2023","111.070","111.520","111.710","110.845","-0.12"
"May 08, 2023","110.700","111.745","111.930","110.730","-0.33"
"May 09, 2023","110.720","111.045","111.525","110.545","0.02"
"May 10, 2023","110.710","111.105","111.475","110.370","-0.01"
"May 11, 2023","110.510","111.215","111.255","110.235","-0.18"
"May 12, 2023","110.600","110.835","111.445","110.430","0.08"
"May 15, 2023","110.790","110.950","111.705","110.685","0.17"
"May 16, 2023","111.920","111.245","112.560","111.025","1.02"
"May 17, 2023","112.730","112.340","113.985","111.815","0.72"
"May 18, 2023","111.800","113.360","113.470","111.810","-0.82"
"May 19, 2023","111.070","112.315","112.430","111.180","-0.65"
"May 22, 2023","110.600","111.525","112.500","110.665","-0.42"
"May 23, 2023","110.610","110.970","111.290","110.470","0.01"
"May 24, 2023","110.400","110.965","111.240","110.340","-0.19"
"May 25, 2023","110.140","110.705","111.205","110.095","-0.24"
"May 26, 2023","110.140","110.505","111.165","110.235","0.00"
"May 29, 2023","109.970","110.830","111.020","109.945","-0.15"
"May 30, 2023","109.690","110.295","110.630","109.635","-0.25"
"May 31, 2023","109.190","110.010","110.665","109.035","-0.46"
"Jun 01, 2023","109.180","109.500","110.520","108.815","-0.01"
"Jun 02, 2023","108.190","109.515","110.240","108.215","-0.91"
"Jun 05, 2023","107.410","108.670","108.790","107.585","-0.72"
"Jun 06, 2023","106.510","107.870","108.365","106.655","-0.84"
"Jun 07, 2023","106.190","106.950","107.370","106.340","-0.30"
"Jun 08, 2023","105.680","106.600","107.030","105.780","-0.48"
"Jun 09, 2023","105.320","106.145","107.245","105.170","-0.34"
"Jun 12, 2023","105.700","105.845","107.135","105.655","0.36"
"Jun 13, 2023","106.590","106.170","107.640","105.955","0.84"
"Jun 14, 2023","107.100","107.040","108.010","106.340","0.48"
"Jun 15, 2023","107.590","107.480","108.530","107.200","0.46"
"Jun 16, 2023","107.510","108.050","108.570","107.740","-0.07"
"Jun 19, 2023","107.200","108.000","108.420","107.305","-0.29"
"Jun 20, 2023","106.460","107.710","108.015","106.580","-0.69"
"Jun 21, 2023","106.380","106.950","107.705","106.475","-0.08"
"Jun 22, 2023","106.510","106.850","107.405","106.380","0.12"
"Jun 23, 2023","106.930","107.035","107.970","106.540","0.39"
"Jun 26, 2023","106.700","107.060","107.810","106.625","-0.22"
"Jun 27, 2023","106.500","107.145","107.615","106.510","-0.19"
"Jun 28, 2023","106.480","106.915","107.250","106.780","-0.02"
"Jun 29, 2023","106.330","106.905","107.265","106.265","-0.14"
"Jun 30, 2023","105.990","106.670","107.155","106.000","-0.32"
"Jul 03, 2023","105.170","106.360","106.525","105.250","-0.77"
"Jul 04, 2023","104.020","105.820","105.890","104.270","-1.09"
"Jul 05, 2023","104.090","104.570","104.980","104.020","0.07"
"Jul 06, 2023","104.090","104.540","105.315","104.155","0.00"
"Jul 07, 2023","103.970","104.535","104.890","103.955","-0.12"
"Jul 10, 2023","103.890","104.340","104.900","103.985","-0.08"
"Jul 11, 2023","103.890","104.405","104.830","103.895","0.00"
"Jul 12, 2023","103.230","104.305","104.740","103.265","-0.64"
"Jul 13, 2023","103.110","103.735","104.220","103.125","-0.12"
"Jul 14, 2023","102.680","103.555","103.825","102.820","-0.42"
"Jul 17, 2023","101.100","103.160","103.580","101.180","-1.54"
"Jul 18, 2023","100.650","101.535","102.675","101.030","-0.45"
"Jul 19, 2023","100.320","101.305","101.725","100.645","-0.33"
"Jul 20, 2023","100.090","100.780","101.315","99.970","-0.23"
"Jul 21, 2023","100.570","100.705","102.135","100.085","0.48"
"Jul 24, 2023","100.490","101.295","101.415","100.735","-0.08"
"Jul 25, 2023","100.710","101.165","101.815","100.680","0.22"
"Jul 26, 2023","103.110","101.340","104.015","101.175","2.38"
"Jul 27, 2023","105.180","103.595","106.110","103.345","2.01"
"Jul 28, 2023","105.140","105.690","106.090","105.055","-0.04"
"Jul 31, 2023","101.990","105.920","105.980","102.020","-3.00"
"Aug 01, 2023","101.180","102.730","102.835","101.280","-0.79"
"Aug 02, 2023","103.090","101.630","104.085","100.905","1.89"
"Aug 03, 2023","104.160","103.695","105.385","103.465","1.04"
"Aug 04, 2023","102.710","104.775","105.330","103.000","-1.39"
"Aug 07, 2023","103.320","103.375","104.290","102.800","0.59"
"Aug 08, 2023","102.880","103.850","104.210","102.865","-0.43"
"Aug 09, 2023","102.800","103.440","103.930","102.870","-0.08"
"Aug 10, 2023","103.580","103.330","104.495","103.090","0.76"
"Aug 11, 2023","103.380","104.090","104.465","103.360","-0.19"
"Aug 14, 2023","103.380","103.980","104.375","103.440","0.00"
"Aug 15, 2023","104.590","103.910","105.705","103.750","1.17"
"Aug 16, 2023","104.610","105.175","105.690","104.565","0.02"
"Aug 17, 2023","105.300","105.175","106.265","104.515","0.66"
"Aug 18, 2023","105.480","105.770","106.460","105.420","0.17"
"Aug 21, 2023","105.460","106.070","106.450","105.360","-0.02"
"Aug 22, 2023","105.700","105.970","106.930","105.600","0.23"
"Aug 23, 2023","107.340","106.325","108.415","106.120","1.55"
"Aug 24, 2023","110.595","108.030","111.135","107.570","3.03"
"Aug 25, 2023","109.440","110.585","110.970","109.495","-1.04"
"Aug 28, 2023","108.940","110.235","110.825","109.110","-0.46"
"Aug 29, 2023","108.340","109.590","110.280","108.715","-0.55"
"Aug 30, 2023","107.620","108.995","109.850","107.860","-0.66"
"Aug 31, 2023","107.630","108.405","109.900","107.600","0.01"
"Sep 01, 2023","107.410","108.335","109.850","107.950","-0.20"
"Sep 04, 2023","107.360","108.150","108.835","107.805","-0.05"
"Sep 05, 2023","107.450","108.025","108.140","107.550","0.08"
"Sep 06, 2023","107.300","108.020","108.320","107.550","-0.14"
"Sep 07, 2023","107.140","107.910","108.065","106.910","-0.15"
"Sep 08, 2023","106.590","107.600","107.780","106.795","-0.51"
"Sep 11, 2023","106.300","107.260","107.525","106.570","-0.27"
"Sep 12, 2023","106.020","106.865","107.155","105.945","-0.26"
"Sep 13, 2023","105.800","106.650","106.905","105.955","-0.21"
"Sep 14, 2023","106.600","106.300","107.735","106.055","0.76"
"Sep 15, 2023","106.060","107.165","107.540","106.220","-0.51"
"Sep 18, 2023","106.090","106.630","106.900","106.070","0.03"
"Sep 19, 2023","105.890","106.545","106.840","106.115","-0.19"
"Sep 20, 2023","105.790","106.430","106.710","106.010","-0.09"
"Sep 21, 2023","105.760","106.235","106.685","105.940","-0.03"
"Sep 22, 2023","105.960","106.225","107.045","105.955","0.19"
"Sep 25, 2023","105.290","106.470","106.865","105.385","-0.63"
"Sep 26, 2023","105.590","105.805","106.810","105.525","0.28"
"Sep 27, 2023","106.190","106.115","107.240","105.925","0.57"
"Sep 28, 2023","106.140","106.750","107.240","106.050","-0.05"
"Sep 29, 2023","106.250","106.650","107.015","106.235","0.10"
"Oct 02, 2023","105.760","106.565","106.895","105.700","-0.46"
"Oct 03, 2023","105.650","106.195","106.585","105.655","-0.10"
"Oct 04, 2023","105.440","106.085","106.580","105.615","-0.20"
"Oct 05, 2023","105.330","105.890","106.520","105.460","-0.10"
"Oct 06, 2023","105.200","105.790","106.125","105.245","-0.12"
"Oct 09, 2023","105.090","105.310","106.070","104.995","-0.10"
"Oct 10, 2023","105.290","105.520","106.435","105.075","0.19"
"Oct 11, 2023","105.290","105.690","106.450","105.360","0.00"
"Oct 12, 2023","105.320","105.720","106.385","105.200","0.03"
"Oct 13, 2023","105.360","105.790","106.375","104.910","0.04"
"Oct 16, 2023","105.290","105.780","106.055","105.415","-0.07"
"Oct 17, 2023","105.380","105.705","106.080","105.500","0.09"
"Oct 18, 2023","105.440","105.765","106.225","105.435","0.06"
"Oct 19, 2023","105.400","105.775","106.395","105.555","-0.04"
"Oct 20, 2023","105.370","105.835","106.180","105.380","-0.03"
"Oct 23, 2023","105.290","105.660","106.175","105.285","-0.08"
"Oct 24, 2023","105.390","105.640","106.330","105.485","0.09"
"Oct 25, 2023","105.480","105.760","106.230","105.410","0.09"
"Oct 26, 2023","105.430","105.890","106.420","105.265","-0.05"
"Oct 27, 2023","105.340","105.750","106.185","105.435","-0.09"
"Oct 30, 2023","105.200","105.900","106.280","105.415","-0.13"
"Oct 31, 2023","105.130","105.510","106.050","105.200","-0.07"
"Nov 01, 2023","105.110","105.395","106.225","105.095","-0.02"
"Nov 02, 2023","104.800","105.490","105.980","104.745","-0.29"
"Nov 03, 2023","104.730","105.210","106.465","104.835","-0.07"
"Nov 06, 2023","104.170","105.120","105.985","104.510","-0.53"
"Nov 07, 2023","104.400","104.650","105.375","104.390","0.22"
"Nov 08, 2023","104.280","104.770","104.950","104.335","-0.11"
"Nov 09, 2023","104.190","104.680","104.885","104.340","-0.09"
"Nov 10, 2023","103.770","104.540","105.235","104.105","-0.40"
"Nov 13, 2023","103.690","104.290","104.690","103.880","-0.08"
"Nov 14, 2023","103.620","104.065","105.260","103.865","-0.07"
"Nov 15, 2023","104.220","104.000","104.655","103.580","0.58"
"Nov 16, 2023","103.540","104.210","104.665","103.465","-0.65"
"Nov 17, 2023","103.520","103.900","104.865","103.685","-0.02"
"Nov 20, 2023","103.530","103.915","105.075","103.640","0.01"
"Nov 21, 2023","103.180","103.885","104.255","103.355","-0.34"
"Nov 22, 2023","102.400","103.500","103.720","102.645","-0.76"
"Nov 23, 2023","102.480","102.800","104.040","102.380","0.08"
"Nov 24, 2023","101.740","103.005","103.520","101.885","-0.72"
"Nov 27, 2023","101.860","102.010","103.130","101.825","0.12"
"Nov 28, 2023","102.210","102.145","102.660","101.960","0.34"
"Nov 29, 2023","102.000","102.390","102.635","102.090","-0.21"
"Nov 30, 2023","101.030","102.195","103.035","101.325","-0.95"
"Dec 01, 2023","100.650","101.500","102.060","100.530","-0.38"
"Dec 04, 2023","101.210","101.295","102.835","100.940","0.56"
"Dec 05, 2023","100.870","101.750","102.090","101.020","-0.34"
"Dec 06, 2023","100.870","101.330","101.900","101.025","0.00"
"Dec 07, 2023","101.280","101.390","102.110","101.070","0.41"
"Dec 08, 2023","101.290","101.745","101.930","101.545","0.01"
"Dec 11, 2023","101.290","101.735","102.110","101.380","0.00"
"Dec 12, 2023","101.680","101.675","102.745","101.520","0.39"
"Dec 13, 2023","102.000","102.155","103.030","101.765","0.31"
"Dec 14, 2023","102.910","102.400","104.305","102.150","0.89"
"Dec 15, 2023","103.100","103.545","105.155","103.005","0.18"
"Dec 18, 2023","102.590","103.770","104.110","102.800","-0.49"
"Dec 19, 2023","102.490","103.335","103.750","102.610","-0.10"
"Dec 20, 2023","102.680","103.050","103.810","102.600","0.19"
"Dec 21, 2023","104.155","103.345","104.380","102.760","1.44"
"Dec 22, 2023","103.280","104.155","104.350","103.120","-0.84"
"Dec 25, 2023","103.260","103.895","103.945","103.675","-0.02"
"Dec 26, 2023","103.310","103.830","104.135","103.285","0.05"
"Dec 27, 2023","102.980","103.860","104.115","103.130","-0.32"
"Dec 28, 2023","103.380","103.380","104.435","102.780","0.39"
"Dec 29, 2023","103.320","103.990","104.305","103.375","-0.06"
"Jan 01, 2024","103.390","103.985","104.015","103.910","0.07"
"Jan 02, 2024","103.485","103.985","104.000","102.345","0.09"
"Jan 03, 2024","102.890","103.550","104.210","102.860","-0.57"
"Jan 04, 2024","103.390","103.445","104.540","103.015","0.49"
"Jan 05, 2024","104.160","104.070","105.030","103.660","0.74"
"Jan 08, 2024","103.900","104.645","104.925","103.845","-0.25"
"Jan 09, 2024","103.610","104.410","104.860","103.815","-0.28"
"Jan 10, 2024","103.770","104.370","105.290","103.695","0.15"
"Jan 11, 2024","103.520","104.175","104.490","103.390","-0.24"
"Jan 12, 2024","103.490","103.900","104.315","103.510","-0.03"
"Jan 15, 2024","103.510","103.930","104.405","103.445","0.02"
"Jan 16, 2024","103.320","103.875","104.085","103.050","-0.18"
"Jan 17, 2024","103.420","103.675","104.335","102.885","0.10"
"Jan 18, 2024","103.420","103.725","104.285","102.975","0.00"
"Jan 19, 2024","103.380","103.680","104.345","103.385","-0.04"
"Jan 22, 2024","103.420","103.645","104.150","103.470","0.04"
"Jan 23, 2024","103.260","103.735","104.195","103.185","-0.15"
"Jan 24, 2024","103.320","103.710","104.410","103.430","0.06"
"Jan 25, 2024","103.470","103.740","104.220","103.280","0.15"
"Jan 26, 2024","103.530","103.760","104.240","103.625","0.06"
"Jan 29, 2024","103.610","103.825","104.305","103.365","0.08"
"Jan 30, 2024","103.530","103.950","104.200","103.630","-0.08"
"Jan 31, 2024","103.690","103.890","104.325","103.530","0.15"
"Feb 01, 2024","103.680","104.010","104.515","103.760","-0.01"
"Feb 02, 2024","103.760","104.050","104.395","103.580","0.08"
"Feb 05, 2024","103.670","104.065","104.375","103.810","-0.09"
"Feb 06, 2024","103.800","104.020","104.585","103.575","0.13"
"Feb 07, 2024","103.780","104.145","104.445","103.840","-0.02"
"Feb 08, 2024","103.790","104.145","104.685","103.590","0.01"
"Feb 09, 2024","103.570","104.160","104.510","103.795","-0.21"
"Feb 12, 2024","103.180","103.925","104.245","103.465","-0.38"
"Feb 13, 2024","103.290","103.565","104.450","103.240","0.11"
"Feb 14, 2024","103.500","103.650","104.155","103.520","0.20"
"Feb 15, 2024","103.390","103.845","104.350","103.560","-0.11"
"Feb 16, 2024","103.210","103.720","104.155","103.425","-0.17"
"Feb 19, 2024","103.380","103.775","104.065","103.520","0.16"
"Feb 20, 2024","103.170","103.760","104.315","103.480","-0.20"
"Feb 21, 2024","103.190","103.605","104.215","103.155","0.02"
"Feb 22, 2024","103.250","103.575","104.380","103.255","0.06"
"Feb 23, 2024","103.260","103.665","104.130","103.525","0.01"
"Feb 26, 2024","103.390","103.745","104.155","103.535","0.13"
"Feb 27, 2024","103.390","103.830","104.105","103.505","0.00"
"Feb 28, 2024","103.400","103.795","104.220","103.550","0.01"
"Feb 29, 2024","103.440","103.815","104.320","103.530","0.04"
"Mar 01, 2024","103.400","103.860","104.470","103.715","-0.04"
"Mar 04, 2024","103.400","103.830","104.600","102.910","0.00"
"Mar 05, 2024","103.390","103.855","104.300","102.695","-0.01"
"Mar 06, 2024","103.390","103.820","104.515","102.750","0.00"
"Mar 07, 2024","103.440","103.780","104.515","103.470","0.05"
"Mar 08, 2024","103.490","103.845","104.325","103.675","0.05"
"Mar 11, 2024","103.350","104.020","104.110","103.560","-0.14"
"Mar 12, 2024","103.260","103.690","104.060","103.390","-0.09"
"Mar 13, 2024","103.280","103.645","104.030","103.305","0.02"
"Mar 14, 2024","103.290","103.655","103.710","103.240","0.01"
"Mar 15, 2024","103.050","103.650","104.290","103.240","-0.23"
"Mar 18, 2024","102.700","103.545","104.235","103.120","-0.34"
"Mar 19, 2024","102.690","103.310","104.175","102.955","-0.01"
"Mar 20, 2024","103.090","103.300","103.760","102.500","0.39"
"Mar 21, 2024","102.500","103.580","103.870","102.355","-0.57"
"Mar 22, 2024","102.490","102.855","103.040","102.580","-0.01"
"Mar 25, 2024","102.430","102.850","103.305","102.685","-0.06"
"Mar 26, 2024","102.730","102.845","103.730","102.595","0.29"
"Mar 27, 2024","103.890","103.145","105.350","102.850","1.13"
"Mar 28, 2024","102.610","104.325","104.785","102.585","-1.23"
"Mar 29, 2024","102.510","102.975","103.345","102.395","-0.10"
"Apr 01, 2024","101.960","103.160","103.270","102.495","-0.54"
"Apr 02, 2024","102.380","102.690","103.285","102.190","0.41"
"Apr 03, 2024","102.090","102.775","102.935","102.125","-0.28"
"Apr 04, 2024","102.270","102.520","103.150","102.200","0.18"
"Apr 05, 2024","102.090","102.630","102.885","102.005","-0.18"
"Apr 08, 2024","101.680","102.535","102.785","101.740","-0.40"
"Apr 09, 2024","101.390","102.145","102.535","101.590","-0.29"
"Apr 10, 2024","101.370","101.755","101.960","100.655","-0.02"
"Apr 11, 2024","101.070","101.765","102.080","101.315","-0.30"
"Apr 12, 2024","100.730","101.500","102.140","100.895","-0.34"
"Apr 15, 2024","100.270","101.265","102.025","100.375","-0.46"
"Apr 16, 2024","100.540","100.595","101.700","100.350","0.27"
"Apr 17, 2024","100.890","101.095","102.220","100.415","0.35"
"Apr 18, 2024","100.690","101.450","102.085","101.055","-0.20"
"Apr 19, 2024","100.670","101.105","101.810","100.515","-0.02"
"Apr 22, 2024","100.590","101.140","101.725","100.445","-0.08"
"Apr 23, 2024","100.270","101.010","101.680","100.380","-0.32"
"Apr 24, 2024","100.300","100.690","101.480","100.525","0.03"
"Apr 25, 2024","100.500","100.695","101.210","100.465","0.20"
"Apr 26, 2024","100.390","100.920","101.350","100.350","-0.11"
"Apr 29, 2024","100.180","100.820","101.250","100.450","-0.21"
"Apr 30, 2024","99.880","100.630","101.185","100.035","-0.30"
"May 01, 2024","99.860","100.185","100.345","100.035","-0.02"
"May 02, 2024","99.990","100.175","100.790","100.070","0.13"
"May 03, 2024","100.100","100.410","100.980","100.260","0.11"
"May 06, 2024","100.140","100.540","100.815","100.470","0.04"
"May 07, 2024","100.330","100.590","101.355","100.265","0.19"
"May 08, 2024","100.420","100.685","101.205","100.225","0.09"
"May 09, 2024","100.190","100.860","101.040","100.080","-0.23"
"May 10, 2024","99.930","100.595","100.835","100.350","-0.26"
"May 13, 2024","100.090","100.490","100.795","100.195","0.16"
"May 14, 2024","100.080","100.480","100.880","100.195","-0.01"
"May 15, 2024","99.990","100.505","100.745","100.130","-0.09"
"May 16, 2024","99.970","100.405","100.775","100.060","-0.02"
"May 17, 2024","100.010","100.385","100.905","100.105","0.04"
"May 20, 2024","100.030","100.370","100.735","100.100","0.02"
"May 21, 2024","99.890","100.475","100.665","100.110","-0.14"
"May 22, 2024","99.890","100.345","100.640","100.010","0.00"
"May 23, 2024","99.920","100.295","100.945","99.940","0.03"
"May 24, 2024","100.030","100.285","100.675","100.130","0.11"
"May 27, 2024","100.050","100.555","100.795","100.235","0.02"
"May 28, 2024","100.030","100.480","101.025","100.170","-0.02"
"May 29, 2024","100.540","100.320","101.500","99.930","0.51"
"May 30, 2024","100.630","101.010","101.720","100.550","0.09"
"May 31, 2024","100.230","101.095","101.355","100.405","-0.40"
"Jun 03, 2024","100.030","100.850","102.175","100.090","-0.20"
"Jun 04, 2024","100.000","100.445","100.650","100.065","-0.03"
"Jun 05, 2024","99.990","100.405","100.680","100.000","-0.01"
"Jun 06, 2024","99.980","100.410","100.675","100.055","-0.01"
"Jun 07, 2024","99.940","100.415","100.680","99.940","-0.04"
"Jun 10, 2024","99.890","100.305","100.915","99.820","-0.05"
"Jun 11, 2024","99.880","100.275","100.785","99.985","-0.01"
"Jun 12, 2024","99.980","100.315","100.875","100.045","0.10"
"Jun 13, 2024","100.030","100.425","100.825","100.280","0.05"
"Jun 14, 2024","99.980","100.470","100.740","99.865","-0.05"
"Jun 17, 2024","99.960","100.440","100.715","100.265","-0.02"
"Jun 18, 2024","99.830","100.570","100.905","99.925","-0.13"
"Jun 19, 2024","99.790","100.250","100.645","100.115","-0.04"
"Jun 20, 2024","99.870","100.225","100.910","99.960","0.08"
"Jun 21, 2024","100.000","100.255","100.570","99.995","0.13"
"Jun 24, 2024","99.900","100.285","100.720","99.785","-0.10"
"Jun 25, 2024","99.890","100.260","100.565","100.015","-0.01"
"Jun 26, 2024","99.890","100.260","100.530","99.940","0.00"
"Jun 27, 2024","99.890","100.275","100.525","99.940","0.00"
"Jun 28, 2024","99.950","100.265","100.750","99.725","0.06"
"Jul 01, 2024","99.870","100.475","100.920","99.920","-0.08"
"Jul 02, 2024","99.890","100.270","100.750","99.865","0.02"
"Jul 03, 2024","99.990","100.330","100.930","99.890","0.10"
"Jul 04, 2024","99.840","100.375","100.760","99.865","-0.15"
"Jul 05, 2024","99.890","100.245","100.745","99.840","0.05"
"Jul 08, 2024","99.830","99.975","100.755","99.670","-0.06"
"Jul 09, 2024","100.030","100.260","100.750","99.780","0.20"
"Jul 10, 2024","100.000","100.350","100.765","99.800","-0.03"
"Jul 11, 2024","100.050","100.305","100.665","100.090","0.05"
"Jul 12, 2024","100.010","100.400","100.775","99.820","-0.04"
"Jul 15, 2024","100.050","100.185","100.790","99.845","0.04"
"Jul 16, 2024","99.890","100.350","100.500","100.090","-0.16"
"Jul 17, 2024","99.990","100.275","100.785","99.870","0.10"
"Jul 18, 2024","99.940","100.340","100.825","99.870","-0.05"
"Jul 19, 2024","99.800","100.330","100.815","99.830","-0.14"
"Jul 22, 2024","99.950","100.265","100.765","99.785","0.15"
"Jul 23, 2024","99.930","100.310","100.790","99.810","-0.02"
"Jul 24, 2024","99.880","100.300","100.815","99.875","-0.05"
"Jul 25, 2024","99.930","100.305","100.780","99.875","0.05"
"Jul 26, 2024","99.980","100.315","100.810","99.860","0.05"
"Jul 29, 2024","99.940","100.495","100.640","100.030","-0.04"
"Jul 30, 2024","99.900","100.280","100.740","99.835","-0.04"
"Jul 31, 2024","99.840","100.260","100.805","99.785","-0.06"
"Aug 01, 2024","99.800","100.155","100.675","99.685","-0.04"
"Aug 02, 2024","99.700","100.130","100.790","99.725","-0.10"
"Aug 05, 2024","99.840","100.140","100.485","99.855","0.14"
"Aug 06, 2024","99.890","100.175","100.445","99.950","0.05"
"Aug 07, 2024","99.890","100.205","100.385","99.975","0.00"
"Aug 08, 2024","99.890","100.205","100.390","99.715","0.00"
"Aug 09, 2024","99.700","100.200","100.345","99.815","-0.19"
"Aug 12, 2024","99.490","100.020","100.555","99.580","-0.21"
"Aug 13, 2024","99.420","99.875","100.115","99.625","-0.07"
"Aug 14, 2024","99.390","99.820","100.430","99.300","-0.03"
"Aug 15, 2024","99.440","99.775","100.460","99.210","0.05"
"Aug 16, 2024","99.190","99.785","100.385","99.270","-0.25"
"Aug 19, 2024","99.240","99.505","100.105","99.455","0.05"
"Aug 20, 2024","99.500","99.575","100.320","99.135","0.26"
"Aug 21, 2024","99.080","99.875","100.355","99.335","-0.42"
"Aug 22, 2024","99.290","99.545","100.170","99.085","0.21"
"Aug 23, 2024","99.870","99.655","100.560","99.390","0.58"
"Aug 26, 2024","99.670","100.305","100.670","99.470","-0.20"
"Aug 27, 2024","99.680","100.060","100.530","99.585","0.01"
"Aug 28, 2024","99.640","100.090","100.645","99.525","-0.04"
"Aug 29, 2024","99.360","100.015","100.505","99.260","-0.28"
"Aug 30, 2024","99.650","99.880","100.310","99.145","0.29"
"Sep 02, 2024","99.815","99.645","100.360","99.285","0.17"
"Sep 03, 2024","99.830","99.785","100.390","99.250","0.02"
"Sep 04, 2024","99.850","99.830","100.355","99.230","0.02"
"Sep 05, 2024","100.105","99.840","100.185","99.780","0.26"
"Sep 06, 2024","99.690","100.100","100.410","99.055","-0.41"
"Sep 09, 2024","99.600","99.665","100.310","99.090","-0.09"
"Sep 10, 2024","99.170","99.600","100.325","99.190","-0.43"
"Sep 11, 2024","99.130","99.580","100.310","99.240","-0.04"
"Sep 12, 2024","99.220","99.570","100.245","99.090","0.09"
"Sep 13, 2024","99.440","99.665","100.260","98.965","0.22"
"Sep 16, 2024","99.915","99.450","100.155","98.915","0.48"
"Sep 17, 2024","98.760","99.920","100.025","98.730","-1.16"
"Sep 18, 2024","98.730","99.200","99.950","98.805","-0.03"
"Sep 19, 2024","99.000","99.315","99.910","98.820","0.27"
"Sep 20, 2024","99.070","99.400","99.905","98.580","0.07"
"Sep 23, 2024","98.700","99.510","99.885","98.425","-0.37"
"Sep 24, 2024","98.890","99.060","99.770","98.755","0.19"
"Sep 25, 2024","98.860","99.330","99.545","98.415","-0.03"
"Sep 26, 2024","98.480","98.860","99.340","98.420","-0.38"
"Sep 27, 2024","98.350","98.845","99.635","98.450","-0.13"
"Sep 30, 2024","98.420","98.810","99.210","98.245","0.07"
"Oct 01, 2024","99.080","98.765","99.470","98.340","0.67"
"Oct 02, 2024","98.520","99.075","99.425","98.435","-0.57"
"Oct 03, 2024","98.490","99.015","99.430","98.320","-0.03"
"Oct 04, 2024","98.550","98.880","99.415","98.240","0.06"
"Oct 07, 2024","98.490","98.900","99.850","98.385","-0.06"
"Oct 08, 2024","98.370","98.865","99.650","98.285","-0.12"
"Oct 09, 2024","98.080","98.755","98.905","98.435","-0.29"
"Oct 10, 2024","98.470","98.455","99.265","98.165","0.40"
"Oct 11, 2024","98.330","98.940","99.290","98.280","-0.14"
"Oct 14, 2024","98.280","98.835","99.035","98.430","-0.05"
"Oct 15, 2024","98.380","98.665","99.355","98.255","0.10"
"Oct 16, 2024","98.070","98.790","99.295","98.235","-0.32"
"Oct 17, 2024","98.380","98.710","99.600","98.245","0.32"
"Oct 18, 2024","98.280","98.765","99.260","98.250","-0.10"
"Oct 21, 2024","98.300","98.675","98.935","98.455","0.02"
"Oct 22, 2024","98.230","98.710","98.880","98.420","-0.07"
"Oct 23, 2024","98.180","98.605","99.035","98.120","-0.05"
"Oct 24, 2024","98.190","98.550","99.100","98.135","0.01"
"Oct 25, 2024","98.180","98.540","99.090","98.120","-0.01"
"Oct 28, 2024","98.100","98.565","99.110","98.000","-0.08"
"Oct 29, 2024","97.990","98.455","99.215","97.895","-0.11"
"Oct 30, 2024","97.900","98.400","98.990","97.900","-0.09"
"Oct 31, 2024","97.890","98.300","98.700","98.025","-0.01"
"Nov 01, 2024","97.890","98.245","98.735","98.000","0.00"
"Nov 04, 2024","97.890","98.630","98.915","98.015","0.00"
"Nov 05, 2024","97.850","98.255","98.735","97.700","-0.04"
"Nov 06, 2024","97.900","98.205","98.815","97.100","0.05"
"Nov 07, 2024","97.910","98.250","98.720","97.780","0.01"
"Nov 08, 2024","97.890","98.240","98.670","97.280","-0.02"
"Nov 11, 2024","98.185","98.145","98.730","97.565","0.30"
"Nov 12, 2024","97.250","98.160","98.650","97.535","-0.95"
"Nov 13, 2024","98.190","97.730","98.720","97.525","0.97"
"Nov 14, 2024","97.840","98.190","98.700","97.575","-0.36"
"Nov 15, 2024","97.920","98.190","98.620","97.670","0.08"
"Nov 18, 2024","97.780","98.160","98.650","97.710","-0.14"
"Nov 19, 2024","97.860","98.105","98.670","97.670","0.08"
"Nov 20, 2024","97.690","98.135","98.595","97.640","-0.17"
"Nov 21, 2024","97.885","98.020","98.580","97.460","0.20"
"Nov 22, 2024","97.810","97.885","98.460","96.570","-0.08"
"Nov 25, 2024","98.070","98.620","98.940","97.405","0.27"
"Nov 26, 2024","97.890","98.065","98.850","97.365","-0.18"
"Nov 27, 2024","97.930","98.240","98.785","98.110","0.04"
"Nov 28, 2024","97.930","98.275","98.430","98.195","0.00"
"Nov 29, 2024","97.920","98.275","98.595","98.170","-0.01"
"Dec 02, 2024","98.360","98.260","99.175","97.590","0.45"
"Dec 03, 2024","98.020","98.685","98.815","98.105","-0.35"
"Dec 04, 2024","98.060","98.365","98.815","97.850","0.04"
"Dec 05, 2024","98.030","98.435","98.820","98.070","-0.03"
"Dec 06, 2024","98.000","98.535","98.870","97.835","-0.03"
"Dec 09, 2024","97.750","98.305","98.635","98.010","-0.26"
"Dec 10, 2024","97.710","98.255","98.490","97.845","-0.04"
"Dec 11, 2024","97.840","98.110","98.815","97.690","0.13"
"Dec 12, 2024","98.090","98.245","98.775","97.585","0.26"
"Dec 13, 2024","98.260","98.095","98.825","97.580","0.17"
"Dec 16, 2024","97.810","98.210","98.790","97.685","-0.46"
"Dec 17, 2024","97.750","98.225","98.610","98.030","-0.06"
"Dec 18, 2024","96.590","98.330","98.625","96.925","-1.19"
"Dec 19, 2024","97.420","97.005","98.810","96.950","0.86"
"Dec 20, 2024","98.140","97.840","98.785","97.650","0.74"
"Dec 23, 2024","97.860","98.570","98.850","97.850","-0.29"
"Dec 24, 2024","98.100","98.355","98.740","98.100","0.25"
"Dec 25, 2024","98.160","98.535","98.695","98.525","0.06"
"Dec 26, 2024","97.800","98.565","98.750","97.855","-0.37"
"Dec 27, 2024","98.430","98.205","98.875","97.925","0.64"
"Dec 30, 2024","97.830","98.480","98.765","97.730","-0.61"
"Dec 31, 2024","98.155","98.375","98.665","97.680","0.33"
"Jan 01, 2025","97.440","98.155","98.350","97.805","-0.73"
"","","","","",""
"","Highest:143.990","Lowest:96.570","Difference:47.420","Average:128.759","Change %:-29.245"
